X;Y;Attack1;Attack2;Ability;Protect;EnemyX;EnemyY;next_move;DistanceDifference
-1.454;-3.945924;0;0;0.0;0.0;0.435;-3.945924;GoLeft;1.889
-1.48243;-3.945924;0;0;0.0;0.0;0.435;-3.945924;GoLeft;1.91743
-1.510861;-3.945924;0;0;0.0;0.0;0.435;-3.945924;GoLeft;1.945861
-1.539291;-3.945924;0;0;0.0;0.0;0.435;-3.945924;GoLeft;1.974291
-1.567722;-3.945924;0;0;0.0;0.0;0.435;-3.945924;GoLeft;2.002722
-1.596152;-3.945924;0;0;0.0;0.0;0.435;-3.945924;GoLeft;2.031152
-1.624583;-3.945924;0;0;0.0;0.0;0.435;-3.945924;GoLeft;2.059583
-1.653013;-3.945924;0;0;0.0;0.0;0.435;-3.945924;GoLeft;2.088013
-1.681444;-3.945924;0;0;0.0;0.0;0.435;-3.945924;GoLeft;2.116444
-1.709874;-3.945924;0;0;0.0;0.0;0.435;-3.945924;GoLeft;2.1448739999999997
-1.738305;-3.945924;0;0;0.0;0.0;0.435;-3.945924;GoLeft;2.173305
-1.709874;-3.945924;0;0;0.0;0.0;0.435;-3.945924;GoLeft;2.1448739999999997
-1.679874;-3.869848;0;0;0.0;0.0;0.435;-3.945924;GoLeft;2.114874
-1.649874;-3.797696;0;0;0.0;0.0;0.435;-3.945924;GoLeft;2.084874
-1.619874;-3.729468;0;0;0.0;0.0;0.435;-3.945924;GoLeft;2.054874
-1.589874;-3.665164;0;0;0.0;0.0;0.435;-3.945924;GoLeft;2.024874
-1.559874;-3.604784;0;0;0.0;0.0;0.435;-3.945924;GoLeft;1.994874
-1.529874;-3.548328;0;0;0.0;0.0;0.435;-3.945924;GoLeft;1.964874
-1.499874;-3.495796;0;0;0.0;0.0;0.435;-3.945924;GoLeft;1.934874
-1.469875;-3.447188;0;0;0.0;0.0;0.435;-3.945924;GoLeft;1.904875
-1.469875;-3.402504;0;0;0.0;0.0;0.435;-3.945924;GoLeft;1.904875
-1.469875;-3.361744;0;0;0.0;0.0;0.435;-3.945924;GoLeft;1.904875
-1.469875;-3.324908;0;0;0.0;0.0;0.435;-3.945924;GoLeft;1.904875
-1.469875;-3.291996;0;0;0.0;0.0;0.435;-3.945924;GoLeft;1.904875
-1.469875;-3.263008;0;0;0.0;0.0;0.435;-3.945924;GoLeft;1.904875
-1.469875;-3.237944;0;0;0.0;0.0;0.435;-3.945924;GoLeft;1.904875
-1.469875;-3.216804;0;0;0.0;0.0;0.435;-3.945924;GoLeft;1.904875
-1.469875;-3.199588;0;0;0.0;0.0;0.435;-3.945924;GoLeft;1.904875
-1.469875;-3.186296;0;0;0.0;0.0;0.435;-3.945924;GoLeft;1.904875
-1.529874;-3.171484;0;0;0.0;0.0;0.435;-3.945924;GoLeft;1.964874
-1.589874;-3.172368;0;0;0.0;0.0;0.435;-3.945924;GoLeft;2.024874
-1.649874;-3.188947;0;0;0.0;0.0;0.435;-3.945924;GoLeft;2.084874
-1.709874;-3.221223;0;0;0.0;0.0;0.435;-3.945924;GoLeft;2.1448739999999997
-1.709874;-3.299067;0;0;0.0;0.0;0.435;-3.945924;GoLeft;2.1448739999999997
-1.709874;-3.412227;0;0;0.0;0.0;0.435;-3.945924;GoLeft;2.1448739999999997
-1.709874;-3.618043;0;0;0.0;0.0;0.435;-3.945924;GoLeft;2.1448739999999997
-1.709874;-3.886643;0;0;0.0;0.0;0.435;-3.945924;GoLeft;2.1448739999999997
-1.709874;-3.953578;0;0;0.0;0.0;0.435;-3.945924;GoLeft;2.1448739999999997
-1.583418;-3.951184;0;0;0.0;0.0;0.435;-3.945924;GoLeft;2.018418
-1.583418;-3.950323;0;0;0.0;0.0;0.435;-3.945924;GoLeft;2.018418
-1.583418;-3.950142;0;0;1.0;0.0;0.435;-3.945924;GoLeft;2.018418
-1.583418;-3.950097;0;0;0.0;0.0;0.435;-3.945924;GoLeft;2.018418
-1.583418;-3.950081;0;0;0.0;0.0;0.435;-3.945924;GoLeft;2.018418
-1.583418;-3.950068;0;0;0.0;0.0;0.435;-3.945924;GoLeft;2.018418
-1.583418;-3.950058;0;0;0.0;0.0;0.435;-3.945924;GoLeft;2.018418
-1.583418;-3.95005;0;0;0.0;0.0;0.435;-3.945924;GoLeft;2.018418
-1.583418;-3.950043;0;0;0.0;0.0;0.435;-3.945924;GoLeft;2.018418
-1.583418;-3.950038;0;0;0.0;0.0;0.435;-3.945924;GoLeft;2.018418
-1.583418;-3.950034;0;0;0.0;0.0;0.435;-3.945924;GoLeft;2.018418
-1.583418;-3.950031;0;0;0.0;0.0;0.435;-3.945924;GoLeft;2.018418
-1.583418;-3.950028;0;0;0.0;0.0;0.435;-3.945924;GoLeft;2.018418
-1.583418;-3.950026;0;0;0.0;0.0;0.435;-3.945924;GoLeft;2.018418
-1.583418;-3.950024;0;0;0.0;0.0;0.435;-3.945924;GoLeft;2.018418
-1.583418;-3.950023;0;0;0.0;0.0;0.435;-3.945924;GoLeft;2.018418
-1.611849;-3.950021;0;0;0.0;0.0;0.435;-3.945924;GoLeft;2.046849
-1.640279;-3.95002;0;0;0.0;0.0;0.435;-3.945924;GoLeft;2.075279
-1.66871;-3.950019;0;0;0.0;0.0;0.435;-3.945924;GoLeft;2.10371
-1.69714;-3.950019;0;0;0.0;0.0;0.435;-3.945924;GoLeft;2.13214
-1.725571;-3.950018;0;0;0.0;0.0;0.435;-3.945924;GoLeft;2.160571
-1.754001;-3.950018;0;0;0.0;0.0;0.435;-3.945924;GoLeft;2.1890009999999998
-1.784001;-3.873942;0;0;0.0;0.0;0.435;-3.945924;GoLeft;2.219001
-1.814001;-3.80179;0;0;0.0;0.0;0.435;-3.945924;GoLeft;2.249001
-1.844001;-3.733562;0;0;0.0;0.0;0.435;-3.945924;GoLeft;2.279001
-1.874001;-3.669258;0;0;0.0;0.0;0.435;-3.945924;GoLeft;2.309001
-1.904001;-3.608878;0;0;0.0;0.0;0.435;-3.945924;GoLeft;2.339001
-1.934001;-3.552422;0;0;0.0;0.0;0.435;-3.945924;GoLeft;2.369001
-1.964001;-3.49989;0;0;0.0;0.0;0.435;-3.945924;GoLeft;2.399001
-1.994001;-3.451282;0;0;0.0;0.0;0.435;-3.945924;GoLeft;2.429001
-2.024001;-3.406598;0;0;0.0;0.0;0.435;-3.945924;GoLeft;2.459001
-2.054001;-3.365838;0;0;0.0;0.0;0.435;-3.945924;GoLeft;2.489001
-2.084001;-3.329002;0;0;0.0;0.0;0.435;-3.945924;GoLeft;2.5190010000000003
-2.114001;-3.29609;0;0;0.0;0.0;0.435;-3.945924;GoLeft;2.549001
-2.144001;-3.267102;0;0;0.0;0.0;0.435;-3.945924;GoLeft;2.579001
-2.174001;-3.242038;0;0;0.0;0.0;0.435;-3.945924;GoLeft;2.609001
-2.204001;-3.220898;0;0;0.0;0.0;0.435;-3.945924;GoLeft;2.639001
-2.234001;-3.203682;0;0;0.0;0.0;0.435;-3.945924;GoLeft;2.669001
-2.264001;-3.19039;0;0;0.0;0.0;0.435;-3.945924;GoLeft;2.699001
-2.294001;-3.181022;0;0;0.0;0.0;0.435;-3.945924;GoLeft;2.7290010000000002
-2.324001;-3.175578;0;0;0.0;0.0;0.435;-3.945924;GoLeft;2.759001
-2.354001;-3.174058;0;0;0.0;0.0;0.435;-3.945924;GoLeft;2.789001
-2.414001;-3.18279;0;0;0.0;0.0;0.435;-3.945924;GoLeft;2.849001
-2.474001;-3.207218;0;0;0.0;0.0;0.435;-3.945924;GoLeft;2.909001
-2.534001;-3.247342;0;0;0.0;0.0;0.435;-3.945924;GoLeft;2.969001
-2.594001;-3.303162;0;0;0.0;0.0;0.435;-3.945924;GoLeft;3.029001
-2.654001;-3.374678;0;0;0.0;0.0;0.435;-3.945924;GoLeft;3.089001
-2.744;-3.511382;0;0;0.0;0.0;0.435;-3.945924;GoLeft;3.1790000000000003
-2.834;-3.683402;0;0;0.0;0.0;0.435;-3.945924;GoLeft;3.269
-2.834;-3.890738;0;0;0.0;0.0;0.435;-3.945924;GoLeft;3.269
-2.834;-3.955812;0;0;0.0;0.0;0.435;-3.945924;GoLeft;3.269
-2.834;-3.952392;0;0;0.0;0.0;0.435;-3.945924;GoLeft;3.269
-2.834;-3.671632;0;0;0.0;0.0;0.435;-3.945924;GoLeft;3.269
-2.834;-3.502264;0;0;0.0;0.0;0.435;-3.945924;GoLeft;3.269
-2.834;-3.408972;0;0;0.0;0.0;0.435;-3.945924;GoLeft;3.269
-2.834;-3.368212;0;0;0.0;0.0;0.435;-3.945924;GoLeft;3.269
-2.804;-3.331376;0;0;0.0;0.0;0.435;-3.945924;GoLeft;3.239
-2.774;-3.298464;0;0;0.0;0.0;0.435;-3.945924;GoLeft;3.209
-2.744;-3.269476;0;0;0.0;0.0;0.435;-3.945924;GoLeft;3.1790000000000003
-2.714;-3.244412;0;0;0.0;0.0;0.435;-3.945924;GoLeft;3.149
-2.684;-3.223272;0;0;0.0;0.0;0.435;-3.945924;GoLeft;3.119
-2.654001;-3.206056;0;0;0.0;0.0;0.435;-3.945924;GoLeft;3.089001
-2.624001;-3.192764;0;0;0.0;0.0;0.435;-3.945924;GoLeft;3.059001
-2.594001;-3.183396;0;0;0.0;0.0;0.435;-3.945924;GoLeft;3.029001
-2.534001;-3.176432;0;0;0.0;0.0;0.435;-3.945924;GoLeft;2.969001
-2.474001;-3.185164;0;0;0.0;0.0;0.435;-3.945924;GoLeft;2.909001
-2.414001;-3.209592;0;0;0.0;0.0;0.435;-3.945924;GoLeft;2.849001
-2.354001;-3.249716;0;0;0.0;0.0;0.435;-3.945924;GoLeft;2.789001
-2.294001;-3.305536;0;0;0.0;0.0;0.435;-3.945924;GoLeft;2.7290010000000002
-2.204001;-3.418696;0;0;0.0;0.0;0.435;-3.945924;GoLeft;2.639001
-2.114001;-3.567172;0;0;0.0;0.0;0.435;-3.945924;GoLeft;2.549001
-2.024001;-3.750963;0;0;0.0;0.0;0.435;-3.945924;GoLeft;2.459001
-1.934001;-3.960285;0;0;0.0;0.0;0.435;-3.945924;GoLeft;2.369001
-1.829697;-3.953382;0;0;0.0;0.0;0.435;-3.945924;GoLeft;2.264697
-1.725393;-3.951396;0;0;0.0;0.0;0.435;-3.945924;GoLeft;2.160393
-1.487823;-3.950112;0;0;0.0;0.0;0.435;-3.945924;GoLeft;1.922823
-1.487823;-3.950042;0;0;0.0;0.0;0.435;-3.945924;GoLeft;1.922823
-1.592127;-3.950027;0;0;0.0;0.0;0.435;-3.945924;GoLeft;2.027127
-1.647418;-3.950023;0;0;0.0;0.0;0.435;-3.945924;GoLeft;2.082418
-1.675849;-3.950022;0;0;0.0;0.0;0.435;-3.945924;GoLeft;2.110849
-1.704279;-3.950021;0;0;0.0;0.0;0.435;-3.945924;GoLeft;2.139279
-1.73271;-3.95002;0;0;0.0;0.0;0.435;-3.945924;GoLeft;2.16771
-1.76271;-3.873944;0;0;0.0;0.0;0.435;-3.945924;GoLeft;2.19771
-1.79271;-3.801792;0;0;0.0;0.0;0.435;-3.945924;GoLeft;2.22771
-1.82271;-3.733564;0;0;0.0;0.0;0.435;-3.945924;GoLeft;2.25771
-1.85271;-3.66926;0;0;0.0;0.0;0.435;-3.945924;GoLeft;2.28771
-1.85271;-3.60888;0;0;0.0;0.0;0.435;-3.945924;GoLeft;2.28771
-1.82271;-3.552424;0;0;0.0;0.0;0.435;-3.945924;GoLeft;2.25771
-1.79271;-3.499892;0;0;0.0;0.0;0.435;-3.945924;GoLeft;2.22771
-1.76271;-3.451284;0;0;0.0;0.0;0.435;-3.945924;GoLeft;2.19771
-1.73271;-3.4066;0;0;0.0;0.0;0.435;-3.945924;GoLeft;2.16771
-1.70271;-3.36584;0;0;0.0;0.0;0.435;-3.945924;GoLeft;2.1377099999999998
-1.67271;-3.329004;0;0;0.0;0.0;0.435;-3.945924;GoLeft;2.10771
-1.64271;-3.296092;0;0;0.0;0.0;0.435;-3.945924;GoLeft;2.0777099999999997
-1.61271;-3.267104;0;0;0.0;0.0;0.435;-3.945924;GoLeft;2.04771
-1.58271;-3.24204;0;0;0.0;0.0;0.435;-3.945924;GoLeft;2.01771
-1.55271;-3.2209;0;0;0.0;0.0;0.435;-3.945924;GoLeft;1.98771
-1.52271;-3.203684;0;0;0.0;0.0;0.435;-3.945924;GoLeft;1.95771
-1.49271;-3.190392;0;0;0.0;0.0;0.435;-3.945924;GoLeft;1.92771
-1.46271;-3.181024;0;0;0.0;0.0;0.435;-3.945924;GoLeft;1.89771
-1.43271;-3.17558;0;0;0.0;0.0;0.435;-3.945924;GoLeft;1.86771
-1.40271;-3.17406;0;0;0.0;0.0;0.435;-3.945924;GoLeft;1.83771
-1.40271;-3.182792;0;0;0.0;0.0;0.435;-3.945924;GoLeft;1.83771
-1.40271;-3.20722;0;0;0.0;0.0;0.435;-3.945924;GoLeft;1.83771
-1.40271;-3.247344;0;0;0.0;0.0;0.435;-3.945924;GoLeft;1.83771
-1.40271;-3.303164;0;0;0.0;0.0;0.435;-3.945924;GoLeft;1.83771
-1.40271;-3.416324;0;0;0.0;0.0;0.435;-3.945924;GoLeft;1.83771
-1.40271;-3.5648;0;0;0.0;0.0;0.435;-3.945924;GoLeft;1.83771
-1.40271;-3.748592;0;0;0.0;0.0;0.435;-3.945924;GoLeft;1.83771
-1.49271;-3.9677;0;0;0.0;0.0;0.435;-3.945924;GoLeft;1.92771
-1.49271;-3.954652;0;0;0.0;0.0;0.435;-3.945924;GoLeft;1.92771
-1.597014;-3.951915;0;0;0.0;0.0;0.435;-3.945924;GoLeft;2.0320139999999998
-1.701318;-3.950794;0;0;0.0;0.0;0.435;-3.945924;GoLeft;2.136318
-1.781901;-3.950415;0;0;0.0;0.0;0.435;-3.945924;GoLeft;2.216901
-1.837192;-3.950272;0;0;0.0;0.0;0.435;-3.945924;GoLeft;2.272192
-1.865623;-3.950221;0;0;0.0;0.0;0.435;-3.945924;GoLeft;2.300623
-1.894053;-3.95018;0;0;0.0;0.0;0.435;-3.945924;GoLeft;2.329053
-1.922483;-3.950148;0;0;0.0;0.0;0.435;-3.945924;GoLeft;2.3574829999999998
-1.950914;-3.950122;0;0;0.0;0.0;0.435;-3.945924;GoLeft;2.385914
-1.979344;-3.950101;0;0;0.0;0.0;0.435;-3.945924;GoLeft;2.414344
-2.007775;-3.950084;0;0;0.0;0.0;0.435;-3.945924;GoLeft;2.442775
-2.036205;-3.950071;0;0;0.0;0.0;0.435;-3.945924;GoLeft;2.471205
-2.064636;-3.95006;0;0;0.0;0.0;0.435;-3.945924;GoLeft;2.499636
-2.093066;-3.950052;0;0;0.0;0.0;0.435;-3.945924;GoLeft;2.528066
-2.121497;-3.950045;0;0;0.0;0.0;0.435;-3.945924;GoLeft;2.5564970000000002
-2.149927;-3.95004;0;0;0.0;0.0;0.435;-3.945924;GoLeft;2.584927
-2.149927;-3.950035;0;0;0.0;0.0;0.435;-3.945924;GoLeft;2.584927
-2.149927;-3.950032;0;0;0.0;0.0;0.435;-3.945924;GoLeft;2.584927
-2.149927;-3.950029;0;0;0.0;0.0;0.435;-3.945924;GoLeft;2.584927
-2.149927;-3.950027;0;0;0.0;0.0;0.435;-3.945924;GoLeft;2.584927
-2.149927;-3.950025;0;0;0.0;0.0;0.435;-3.945924;GoLeft;2.584927
-2.149927;-3.950024;0;0;0.0;0.0;0.435;-3.945924;GoLeft;2.584927
-2.149927;-3.950022;0;0;0.0;0.0;0.435;-3.945924;GoLeft;2.584927
-2.149927;-3.950021;0;0;0.0;0.0;0.435;-3.945924;GoLeft;2.584927
-2.149927;-3.95002;0;0;0.0;0.0;0.435;-3.945924;GoLeft;2.584927
-2.149927;-3.950019;0;0;0.0;0.0;0.435;-3.945924;GoLeft;2.584927
-2.149927;-3.873943;0;0;0.0;0.0;0.435;-3.945924;GoLeft;2.584927
-2.149927;-3.801791;0;0;0.0;0.0;0.435;-3.945924;GoLeft;2.584927
-2.149927;-3.733563;0;0;0.0;0.0;0.435;-3.945924;GoLeft;2.584927
-2.149927;-3.669259;0;0;0.0;0.0;0.435;-3.945924;GoLeft;2.584927
-2.149927;-3.608879;0;0;0.0;0.0;0.435;-3.945924;GoLeft;2.584927
-2.149927;-3.552423;0;0;0.0;0.0;0.435;-3.945924;GoLeft;2.584927
-2.119927;-3.499891;0;0;0.0;0.0;0.435;-3.945924;GoLeft;2.554927
-2.089927;-3.451283;0;0;0.0;0.0;0.435;-3.945924;GoLeft;2.524927
-2.059927;-3.406599;0;0;0.0;0.0;0.435;-3.945924;GoLeft;2.494927
-2.029927;-3.365839;0;0;0.0;0.0;0.435;-3.945924;GoLeft;2.464927
-1.999927;-3.329003;0;0;0.0;0.0;0.435;-3.945924;GoLeft;2.434927
-1.969927;-3.296091;0;0;0.0;0.0;0.435;-3.945924;GoLeft;2.404927
-1.939927;-3.267102;0;0;0.0;0.0;0.435;-3.945924;GoLeft;2.374927
-1.909927;-3.242038;0;0;0.0;0.0;0.435;-3.945924;GoLeft;2.3449269999999998
-1.879927;-3.220898;0;0;0.0;0.0;0.435;-3.945924;GoLeft;2.314927
-1.849927;-3.203682;0;0;0.0;0.0;0.435;-3.945924;GoLeft;2.284927
-1.819927;-3.19039;0;0;0.0;0.0;0.435;-3.945924;GoLeft;2.254927
-1.789927;-3.181022;0;0;0.0;0.0;0.435;-3.945924;GoLeft;2.224927
-1.759928;-3.175578;0;0;0.0;0.0;0.435;-3.945924;GoLeft;2.194928
-1.699928;-3.176462;0;0;0.0;0.0;0.435;-3.945924;GoLeft;2.134928
-1.639928;-3.193042;0;0;0.0;0.0;0.435;-3.945924;GoLeft;2.074928
-1.579928;-3.225318;0;0;0.0;0.0;0.435;-3.945924;GoLeft;2.014928
-1.519928;-3.27329;0;0;0.0;0.0;0.435;-3.945924;GoLeft;1.954928
-1.459928;-3.336958;0;0;0.0;0.0;0.435;-3.945924;GoLeft;1.894928
-1.369928;-3.46189;0;0;0.0;0.0;0.435;-3.945924;GoLeft;1.804928
-1.279928;-3.622138;0;0;0.0;0.0;0.435;-3.945924;GoLeft;1.714928
-1.189928;-3.817702;0;0;0.0;0.0;0.435;-3.945924;GoLeft;1.6249280000000002
-1.189928;-3.957259;0;0;0.0;0.0;0.435;-3.945924;GoLeft;1.6249280000000002
-1.189928;-3.952983;0;0;0.0;0.0;0.435;-3.945924;GoLeft;1.6249280000000002
-1.189928;-3.951231;0;0;0.0;0.0;0.435;-3.945924;GoLeft;1.6249280000000002
-1.189928;-3.950638;0;0;0.0;0.0;0.435;-3.945924;GoLeft;1.6249280000000002
-1.189928;-3.950514;0;0;0.0;0.0;0.435;-3.945924;GoLeft;1.6249280000000002
-1.189928;-3.950414;0;0;0.0;0.0;0.435;-3.945924;GoLeft;1.6249280000000002
-1.189928;-3.950335;0;0;0.0;0.0;0.435;-3.945924;GoLeft;1.6249280000000002
-1.189928;-3.950271;0;0;0.0;0.0;0.435;-3.945924;GoLeft;1.6249280000000002
-1.189928;-3.95022;0;0;0.0;0.0;0.435;-3.945924;GoLeft;1.6249280000000002
-1.189928;-3.950179;0;0;0.0;0.0;0.435;-3.945924;GoLeft;1.6249280000000002
-1.189928;-3.950146;0;0;0.0;0.0;0.435;-3.945924;GoLeft;1.6249280000000002
-1.189928;-3.95012;0;0;0.0;0.0;0.435;-3.945924;GoLeft;1.6249280000000002
-1.189928;-3.950099;0;0;0.0;0.0;0.435;-3.945924;GoLeft;1.6249280000000002
-1.189928;-3.950083;0;0;0.0;0.0;0.435;-3.945924;GoLeft;1.6249280000000002
-1.189928;-3.950069;0;0;0.0;0.0;0.435;-3.945924;GoLeft;1.6249280000000002
-1.161498;-3.95005;0;0;0.0;0.0;0.435;-3.945924;GoLeft;1.596498
-1.133067;-3.950043;0;0;0.0;0.0;0.435;-3.945924;GoLeft;1.568067
-1.104637;-3.950038;0;0;0.0;0.0;0.435;-3.945924;GoLeft;1.5396370000000001
-1.076207;-3.950033;0;0;0.0;0.0;0.435;-3.945924;GoLeft;1.511207
-1.076207;-3.95003;0;0;0.0;0.0;0.435;-3.945924;GoLeft;1.511207
-1.076207;-3.950027;0;0;0.0;0.0;0.435;-3.945924;GoLeft;1.511207
-1.076207;-3.950025;0;0;0.0;0.0;0.435;-3.945924;GoLeft;1.511207
-1.076207;-3.950023;0;0;0.0;0.0;0.435;-3.945924;GoLeft;1.511207
-1.076207;-3.950022;0;0;0.0;0.0;0.435;-3.945924;GoLeft;1.511207
-1.076207;-3.950021;0;0;0.0;0.0;0.435;-3.945924;GoLeft;1.511207
-1.076207;-3.95002;0;0;0.0;0.0;0.435;-3.945924;GoLeft;1.511207
-1.076207;-3.950019;0;0;0.0;0.0;0.435;-3.945924;GoLeft;1.511207
-1.076207;-3.950018;0;0;0.0;0.0;0.435;-3.945924;GoLeft;1.511207
-1.076207;-3.950017;0;0;0.0;0.0;0.435;-3.945924;GoLeft;1.511207
-1.076207;-3.950016;0;0;0.0;0.0;0.435;-3.945924;GoLeft;1.511207
-1.180511;-3.950016;0;0;0.0;0.0;0.435;-3.945924;GoLeft;1.6155110000000001
-1.235802;-3.950016;0;0;0.0;0.0;0.435;-3.945924;GoLeft;1.6708020000000001
-1.264233;-3.950016;0;0;0.0;0.0;0.435;-3.945924;GoLeft;1.699233
-1.235802;-3.950016;0;0;0.0;0.0;0.435;-3.945924;GoLeft;1.6708020000000001
-1.207372;-3.950016;0;0;0.0;0.0;0.435;-3.945924;GoLeft;1.642372
-1.178942;-3.950016;0;0;0.0;0.0;0.435;-3.945924;GoLeft;1.613942
-1.150511;-3.950016;0;0;0.0;0.0;0.435;-3.945924;GoLeft;1.5855110000000001
-1.122081;-3.950016;0;0;0.0;0.0;0.435;-3.945924;GoLeft;1.5570810000000002
-1.093651;-3.950016;0;0;0.0;0.0;0.435;-3.945924;GoLeft;1.528651
-1.06522;-3.950016;0;0;0.0;0.0;0.435;-3.945924;GoLeft;1.50022
-1.03679;-3.950016;0;0;0.0;0.0;0.435;-3.945924;GoLeft;1.4717900000000002
-1.00836;-3.950016;0;0;0.0;0.0;0.435;-3.945924;GoLeft;1.44336
-0.9799292;-3.950016;0;0;0.0;0.0;0.435;-3.945924;GoLeft;1.4149292
-0.9514988;-3.950016;0;0;0.0;0.0;0.435;-3.945924;GoLeft;1.3864988
-0.9230684;-3.950016;0;0;0.0;0.0;0.435;-3.945924;GoLeft;1.3580684
-0.894638;-3.950016;0;0;0.0;0.0;0.435;-3.945924;GoLeft;1.329638
-0.8662076;-3.950016;0;0;0.0;0.0;0.435;-3.945924;GoLeft;1.3012076
-0.8377772;-3.950016;0;0;0.0;0.0;0.435;-3.945924;GoLeft;1.2727772
-0.8093469;-3.950016;0;0;0.0;0.0;0.435;-3.945924;GoLeft;1.2443469
-0.7793469;-3.87394;0;0;0.0;0.0;0.435;-3.945924;GoLeft;1.2143469
-0.7493469;-3.801788;0;0;0.0;0.0;0.435;-3.945924;GoLeft;1.1843469
-0.7193469;-3.73356;0;0;0.0;0.0;0.435;-3.945924;GoLeft;1.1543469
-0.689347;-3.669256;0;0;0.0;0.0;0.435;-3.945924;GoLeft;1.124347
-0.659347;-3.608876;0;0;0.0;0.0;0.435;-3.945924;GoLeft;1.094347
-0.629347;-3.55242;0;0;0.0;0.0;0.435;-3.945924;GoLeft;1.064347
-0.5993471;-3.499888;0;0;0.0;0.0;0.435;-3.945924;GoLeft;1.0343471
-0.5693471;-3.45128;0;0;0.0;0.0;0.435;-3.945924;GoLeft;1.0043471
-0.5393471;-3.406596;0;0;0.0;0.0;0.435;-3.945924;GoLeft;0.9743470999999999
-0.5093471;-3.365836;0;0;0.0;0.0;0.435;-3.945924;GoLeft;0.9443471000000001
-0.4793471;-3.329;0;0;0.0;0.0;0.435;-3.945924;GoLeft;0.9143471000000001
-0.4493471;-3.296088;0;0;0.0;0.0;0.435;-3.945924;GoLeft;0.8843471
-0.4193471;-3.2671;0;0;0.0;0.0;0.435;-3.945924;GoLeft;0.8543471
-0.3893471;-3.242036;0;0;0.0;0.0;0.435;-3.945924;GoLeft;0.8243471
-0.3593471;-3.220896;0;0;0.0;0.0;0.435;-3.945924;GoLeft;0.7943471
-0.3293471;-3.20368;0;0;0.0;0.0;0.435;-3.945924;GoLeft;0.7643471
-0.3293471;-3.190387;0;0;0.0;0.0;0.435;-3.945924;GoLeft;0.7643471
-0.3293471;-3.18102;0;0;0.0;0.0;0.435;-3.945924;GoLeft;0.7643471
-0.3293471;-3.175575;0;0;0.0;0.0;0.435;-3.945924;GoLeft;0.7643471
-0.3293471;-3.17646;0;0;0.0;0.0;0.435;-3.945924;GoLeft;0.7643471
-0.3293471;-3.193039;0;0;0.0;0.0;0.435;-3.945924;GoLeft;0.7643471
-0.3293471;-3.225315;0;0;0.0;0.0;0.435;-3.945924;GoLeft;0.7643471
-0.3293471;-3.273287;0;0;0.0;0.0;0.435;-3.945924;GoLeft;0.7643471
-0.3293471;-3.336955;0;0;0.0;0.0;0.435;-3.945924;GoLeft;0.7643471
-0.3293471;-3.461887;0;0;0.0;0.0;0.435;-3.945924;GoLeft;0.7643471
-0.4193471;-3.622135;0;0;0.0;0.0;0.435;-3.945924;GoLeft;0.8543471
-0.5093471;-3.817699;0;0;0.0;0.0;0.435;-3.945924;GoLeft;0.9443471000000001
-0.5093471;-3.957257;0;0;0.0;0.0;0.435;-3.945924;GoLeft;0.9443471000000001
-0.5093471;-3.952981;0;0;0.0;0.0;0.435;-3.945924;GoLeft;0.9443471000000001
-0.5093471;-3.95123;0;0;0.0;0.0;0.435;-3.945924;GoLeft;0.9443471000000001
-0.5093471;-3.950413;0;0;0.0;0.0;0.435;-3.945924;GoLeft;0.9443471000000001
-0.5093471;-3.950218;0;0;0.0;0.0;0.435;-3.945924;GoLeft;0.9443471000000001
-0.4809168;-3.950178;0;0;0.0;0.0;0.435;-3.945924;GoLeft;0.9159168
-0.4524864;-3.950145;0;0;0.0;0.0;0.435;-3.945924;GoLeft;0.8874864
-0.424056;-3.950119;0;0;0.0;0.0;0.435;-3.945924;GoLeft;0.859056
-0.3956256;-3.950098;0;0;0.0;0.0;0.435;-3.945924;GoLeft;0.8306256000000001
-0.3671952;-3.950081;0;0;0.0;0.0;0.435;-3.945924;GoLeft;0.8021952
-0.3371952;-3.874005;0;0;0.0;0.0;0.435;-3.945924;GoLeft;0.7721952
-0.3071952;-3.801853;0;0;0.0;0.0;0.435;-3.945924;GoLeft;0.7421952
-0.2771952;-3.733625;0;0;0.0;0.0;0.435;-3.945924;GoLeft;0.7121952
-0.2471952;-3.669321;0;0;0.0;0.0;0.435;-3.945924;GoLeft;0.6821952
-0.2171952;-3.608941;0;0;0.0;0.0;0.435;-3.945924;GoLeft;0.6521952
-0.1871952;-3.552485;0;0;0.0;0.0;0.435;-3.945924;GoLeft;0.6221952
-0.1571952;-3.499953;0;0;0.0;0.0;0.435;-3.945924;GoLeft;0.5921952
-0.1271951;-3.451345;0;0;0.0;0.0;0.435;-3.945924;GoLeft;0.5621951000000001
-0.09719516;-3.406661;0;0;0.0;0.0;0.435;-3.945924;GoLeft;0.53219516
-0.06719515;-3.365901;0;0;0.0;0.0;0.435;-3.945924;GoLeft;0.50219515
-0.03719515;-3.329065;0;0;0.0;0.0;0.435;-3.945924;Shoot;0.47219515
-0.007195152;-3.296153;0;0;0.0;0.0;0.435;-3.945924;Shoot;0.442195152
0.02280485;-3.267165;0;0;0.0;0.0;0.435;-3.945924;Shoot;0.41219515
0.05280485;-3.242101;0;0;0.0;0.0;0.435;-3.945924;Shoot;0.38219515
0.08280484;-3.220961;0;0;0.0;0.0;0.435;-3.945924;Shoot;0.35219516
0.1128048;-3.203745;0;0;0.0;0.0;0.435;-3.945924;Shoot;0.3221952
0.1428048;-3.190453;0;0;0.0;0.0;0.435;-3.945924;Shoot;0.2921952
0.2028048;-3.175641;0;0;0.0;0.0;0.435;-3.945924;Shoot;0.2321952
0.2628048;-3.176525;0;0;0.0;0.0;0.435;-3.945924;Shoot;0.1721952
0.3228048;-3.193105;0;0;0.0;0.0;0.435;-3.945924;Shoot;0.1121952
0.3828048;-3.225381;0;0;0.0;0.0;0.435;-3.945924;Shoot;0.0521952
0.4428048;-3.273353;0;0;0.0;0.0;0.435;-3.945924;Shoot;0.007804800000000001
0.5328048;-3.374741;0;0;0.0;0.0;0.435;-3.945924;Shoot;0.09780479999999997
0.6228047;-3.511445;0;0;0.0;0.0;0.435;-3.945924;Shoot;0.1878047
0.7128046;-3.683465;0;0;0.0;0.0;0.435;-3.945924;Shoot;0.2778046
0.8328045;-3.967761;0;0;0.0;0.0;0.435;-3.945924;Shoot;0.39780449999999995
0.8328045;-3.954664;0;0;0.0;0.0;0.435;-3.945924;Shoot;0.39780449999999995
0.9371083;-3.951918;0;0;0.0;0.0;0.435;-3.945924;GoRight;0.5021083
1.063564;-3.950636;0;0;0.0;0.0;0.435;-3.945924;GoRight;0.6285639999999999
1.144146;-3.950331;0;0;0.0;0.0;0.435;-3.945924;GoRight;0.709146
1.172577;-3.950267;0;0;0.0;0.0;0.435;-3.945924;GoRight;0.7375769999999999
1.201007;-3.950216;0;0;0.0;0.0;0.435;-3.945924;GoRight;0.7660069999999999
1.229437;-3.950175;0;0;0.0;0.0;0.435;-3.945924;GoRight;0.7944369999999998
1.257868;-3.950142;0;0;0.0;0.0;0.435;-3.945924;GoRight;0.8228679999999999
1.286298;-3.950116;0;0;0.0;0.0;0.435;-3.945924;GoRight;0.8512979999999999
1.314728;-3.950095;0;0;0.0;0.0;0.435;-3.945924;GoRight;0.8797279999999998
1.343159;-3.950078;0;0;0.0;0.0;0.435;-3.945924;GoRight;0.9081589999999999
1.371589;-3.950065;0;0;0.0;0.0;0.435;-3.945924;GoRight;0.9365889999999999
1.40002;-3.950054;0;0;0.0;0.0;0.435;-3.945924;GoRight;0.96502
1.42845;-3.950046;0;0;0.0;0.0;0.435;-3.945924;GoRight;0.9934499999999999
1.45688;-3.950039;0;0;0.0;0.0;0.435;-3.945924;GoRight;1.02188
1.485311;-3.950033;0;0;0.0;0.0;0.435;-3.945924;GoRight;1.050311
1.513741;-3.950029;0;0;0.0;0.0;0.435;-3.945924;GoRight;1.078741
1.542171;-3.950025;0;0;0.0;0.0;0.435;-3.945924;GoRight;1.107171
1.570602;-3.950022;0;0;0.0;0.0;0.435;-3.945924;GoRight;1.135602
1.599032;-3.95002;0;0;0.0;0.0;0.435;-3.945924;GoRight;1.164032
1.627462;-3.950018;0;0;0.0;0.0;0.435;-3.945924;GoRight;1.192462
1.655893;-3.950016;0;0;0.0;0.0;0.435;-3.945924;GoRight;1.220893
1.684323;-3.950015;0;0;0.0;0.0;0.435;-3.945924;GoRight;1.249323
1.712753;-3.950014;0;0;0.0;0.0;0.435;-3.945924;GoRight;1.277753
1.741184;-3.950014;0;0;0.0;0.0;0.435;-3.945924;GoRight;1.306184
1.769614;-3.950013;0;0;0.0;0.0;0.435;-3.945924;GoRight;1.334614
1.798044;-3.950012;0;0;0.0;0.0;0.435;-3.945924;GoRight;1.363044
1.826475;-3.950012;0;0;0.0;0.0;0.435;-3.945924;GoRight;1.391475
1.854905;-3.950011;0;0;0.0;0.0;0.435;-3.945924;GoRight;1.419905
1.883335;-3.950011;0;0;0.0;0.0;0.435;-3.945924;GoRight;1.448335
1.911766;-3.950011;0;0;0.0;0.0;0.435;-3.945924;GoRight;1.476766
1.940196;-3.950011;0;0;0.0;0.0;0.435;-3.945924;GoRight;1.505196
1.968626;-3.950011;0;0;0.0;0.0;0.435;-3.945924;GoRight;1.533626
1.997057;-3.95001;0;0;0.0;0.0;0.435;-3.945924;GoRight;1.562057
2.025487;-3.95001;0;0;0.0;0.0;0.435;-3.945924;GoRight;1.590487
2.053917;-3.95001;0;0;0.0;0.0;0.435;-3.945924;GoRight;1.6189170000000002
2.082348;-3.95001;0;0;0.0;0.0;0.435;-3.945924;GoRight;1.647348
2.110778;-3.95001;0;0;0.0;0.0;0.435;-3.945924;GoRight;1.6757779999999998
2.139209;-3.95001;0;0;0.0;0.0;0.435;-3.945924;GoRight;1.704209
2.167639;-3.95001;0;0;0.0;0.0;0.435;-3.945924;GoRight;1.7326389999999998
2.19607;-3.95001;0;0;0.0;0.0;0.435;-3.945924;GoRight;1.7610700000000001
2.2245;-3.95001;0;0;0.0;0.0;0.435;-3.945924;GoRight;1.7894999999999999
2.252931;-3.95001;0;0;0.0;0.0;0.435;-3.945924;GoRight;1.8179309999999997
2.281361;-3.95001;0;0;0.0;0.0;0.435;-3.945924;GoRight;1.846361
2.309792;-3.95001;0;0;0.0;0.0;0.435;-3.945924;GoRight;1.8747919999999998
2.338222;-3.95001;0;0;0.0;0.0;0.435;-3.945924;GoRight;1.903222
2.366652;-3.950009;0;0;0.0;0.0;0.435;-3.945924;GoRight;1.9316520000000001
2.395083;-3.950009;0;0;0.0;0.0;0.435;-3.945924;GoRight;1.960083
2.423513;-3.950009;0;0;0.0;0.0;0.435;-3.945924;GoRight;1.9885129999999998
2.395083;-3.950009;0;0;0.0;0.0;0.435;-3.945924;GoRight;1.960083
2.366652;-3.950009;0;0;0.0;0.0;0.435;-3.945924;GoRight;1.9316520000000001
2.338222;-3.950009;0;0;0.0;0.0;0.435;-3.945924;GoRight;1.903222
2.309792;-3.950009;0;0;0.0;0.0;0.435;-3.945924;GoRight;1.8747919999999998
2.281361;-3.950009;0;0;0.0;0.0;0.435;-3.945924;GoRight;1.846361
2.252931;-3.950009;0;0;0.0;0.0;0.435;-3.945924;GoRight;1.8179309999999997
2.2245;-3.950009;0;0;0.0;0.0;0.435;-3.945924;GoRight;1.7894999999999999
2.19607;-3.950009;0;0;0.0;0.0;0.435;-3.945924;GoRight;1.7610700000000001
2.167639;-3.950009;0;0;0.0;0.0;0.435;-3.945924;GoRight;1.7326389999999998
2.139209;-3.950009;0;0;0.0;0.0;0.435;-3.945924;GoRight;1.704209
2.110778;-3.950009;0;0;0.0;0.0;0.435;-3.945924;GoRight;1.6757779999999998
2.082348;-3.950009;0;0;0.0;0.0;0.435;-3.945924;GoRight;1.647348
2.053917;-3.950009;0;0;0.0;0.0;0.435;-3.945924;GoRight;1.6189170000000002
2.025487;-3.950009;0;0;0.0;0.0;0.435;-3.945924;GoRight;1.590487
1.997056;-3.950009;0;0;0.0;0.0;0.435;-3.945924;GoRight;1.562056
1.968626;-3.950009;0;0;0.0;0.0;0.435;-3.945924;GoRight;1.533626
1.940196;-3.950009;0;0;0.0;0.0;0.435;-3.945924;GoRight;1.505196
1.911765;-3.950009;0;0;0.0;0.0;0.435;-3.945924;GoRight;1.4767649999999999
1.883335;-3.950009;0;0;0.0;0.0;0.435;-3.945924;GoRight;1.448335
1.854904;-3.950009;0;0;0.0;0.0;0.435;-3.945924;GoRight;1.419904
1.826474;-3.950009;0;0;0.0;0.0;0.435;-3.945924;GoRight;1.3914739999999999
1.798043;-3.950009;0;0;0.0;0.0;0.435;-3.945924;GoRight;1.363043
1.769613;-3.950009;0;0;0.0;0.0;0.435;-3.945924;GoRight;1.334613
1.741182;-3.950009;0;0;0.0;0.0;0.435;-3.945924;GoRight;1.306182
1.712752;-3.950009;0;0;0.0;0.0;0.435;-3.945924;GoRight;1.277752
1.684321;-3.950009;0;0;0.0;0.0;0.435;-3.945924;GoRight;1.249321
1.655891;-3.950009;0;0;0.0;0.0;0.435;-3.945924;GoRight;1.220891
1.684321;-3.950009;0;0;0.0;0.0;0.435;-3.945924;GoRight;1.249321
1.712752;-3.950009;0;0;0.0;0.0;0.435;-3.945924;GoRight;1.277752
1.741182;-3.950009;0;0;0.0;0.0;0.435;-3.945924;GoRight;1.306182
1.769612;-3.950009;0;0;0.0;0.0;0.435;-3.945924;GoRight;1.334612
1.798043;-3.950009;0;0;0.0;0.0;0.435;-3.945924;GoRight;1.363043
1.826473;-3.950009;0;0;0.0;0.0;0.435;-3.945924;GoRight;1.391473
1.854903;-3.950009;0;0;0.0;0.0;0.435;-3.945924;GoRight;1.419903
1.883334;-3.950009;0;0;0.0;0.0;0.435;-3.945924;GoRight;1.448334
1.911764;-3.950009;0;0;0.0;0.0;0.435;-3.945924;GoRight;1.476764
1.940194;-3.950009;0;0;0.0;0.0;0.435;-3.945924;GoRight;1.505194
1.968625;-3.950009;0;0;0.0;0.0;0.435;-3.945924;GoRight;1.533625
1.997055;-3.950009;0;0;0.0;0.0;0.435;-3.945924;GoRight;1.562055
2.025486;-3.950009;0;0;0.0;0.0;0.435;-3.945924;GoRight;1.5904859999999998
2.053916;-3.950009;0;0;0.0;0.0;0.435;-3.945924;GoRight;1.618916
2.082346;-3.950009;0;0;0.0;0.0;0.435;-3.945924;GoRight;1.6473459999999998
2.110777;-3.950009;0;0;0.0;0.0;0.435;-3.945924;GoRight;1.675777
2.139207;-3.950009;0;0;0.0;0.0;0.435;-3.945924;GoRight;1.7042069999999998
2.167638;-3.950009;0;0;0.0;0.0;0.435;-3.945924;GoRight;1.7326380000000001
2.196068;-3.950009;0;0;0.0;0.0;0.435;-3.945924;GoRight;1.7610679999999999
2.167638;-3.950009;0;0;0.0;0.0;0.435;-3.945924;GoRight;1.7326380000000001
2.139207;-3.950009;0;0;0.0;0.0;0.435;-3.945924;GoRight;1.7042069999999998
2.110777;-3.950009;0;0;0.0;0.0;0.435;-3.945924;GoRight;1.675777
2.082346;-3.950009;0;0;0.0;0.0;0.435;-3.945924;GoRight;1.6473459999999998
2.053916;-3.950009;0;0;0.0;0.0;0.435;-3.945924;GoRight;1.618916
2.025485;-3.950009;0;0;0.0;0.0;0.435;-3.945924;GoRight;1.5904850000000001
1.997055;-3.950009;0;0;0.0;0.0;0.435;-3.945924;GoRight;1.562055
1.968624;-3.950009;0;0;0.0;0.0;0.435;-3.945924;GoRight;1.5336239999999999
1.940194;-3.950009;0;0;0.0;0.0;0.435;-3.945924;GoRight;1.505194
1.911763;-3.950009;0;0;0.0;0.0;0.435;-3.945924;GoRight;1.476763
1.883333;-3.950009;0;0;0.0;0.0;0.435;-3.945924;GoRight;1.4483329999999999
1.854903;-3.950009;0;0;0.0;0.0;0.435;-3.945924;GoRight;1.419903
1.826472;-3.950009;0;0;0.0;0.0;0.435;-3.945924;GoRight;1.391472
1.798042;-3.950009;0;0;0.0;0.0;0.435;-3.945924;GoRight;1.3630419999999999
1.769611;-3.950009;0;0;0.0;0.0;0.435;-3.945924;GoRight;1.334611
1.71432;-3.950009;0;0;0.0;0.0;0.435;-3.945924;GoRight;1.27932
1.59432;-3.669249;0;0;0.0;0.0;0.435;-3.945924;GoRight;1.15932
1.41432;-3.365829;0;0;0.0;0.0;0.435;-3.945924;GoRight;0.97932
1.32432;-3.267093;0;0;0.0;0.0;0.435;-3.945924;GoRight;0.8893199999999999
1.29432;-3.242029;0;0;0.0;0.0;0.435;-3.945924;GoRight;0.8593199999999999
1.26432;-3.220889;0;0;0.0;0.0;0.435;-3.945924;GoRight;0.8293200000000001
1.23432;-3.203673;0;0;0.0;0.0;0.435;-3.945924;GoRight;0.79932
1.20432;-3.190381;0;0;0.0;0.0;0.435;-3.945924;GoRight;0.76932
1.14432;-3.175569;0;0;0.0;0.0;0.435;-3.945924;GoRight;0.70932
1.08432;-3.176453;0;0;0.0;0.0;0.435;-3.945924;GoRight;0.6493199999999999
1.08432;-3.193033;0;0;0.0;0.0;0.435;-3.945924;GoRight;0.6493199999999999
1.08432;-3.247333;0;0;0.0;0.0;0.435;-3.945924;GoRight;0.6493199999999999
1.08432;-3.336949;0;0;0.0;0.0;0.435;-3.945924;GoRight;0.6493199999999999
1.20432;-3.511372;0;0;0.0;0.0;0.435;-3.945924;GoRight;0.76932
1.32432;-3.74858;0;0;0.0;0.0;0.435;-3.945924;GoRight;0.8893199999999999
1.41432;-3.957252;0;0;0.0;0.0;0.435;-3.945924;GoRight;0.97932
1.540776;-3.952384;0;0;0.0;0.0;0.435;-3.945924;GoRight;1.1057759999999999
1.687814;-3.950632;0;0;0.0;0.0;0.435;-3.945924;GoRight;1.2528139999999999
1.81427;-3.950214;0;0;0.0;0.0;0.435;-3.945924;GoRight;1.37927
1.709966;-3.950094;0;0;0.0;0.0;0.435;-3.945924;GoRight;1.274966
1.654674;-3.950063;0;0;0.0;0.0;0.435;-3.945924;GoRight;1.219674
1.626244;-3.950053;0;0;0.0;0.0;0.435;-3.945924;GoRight;1.191244
1.597813;-3.950044;0;0;0.0;0.0;0.435;-3.945924;GoRight;1.1628129999999999
1.569383;-3.950037;0;0;0.0;0.0;0.435;-3.945924;GoRight;1.134383
1.540953;-3.950032;0;0;0.0;0.0;0.435;-3.945924;GoRight;1.105953
1.512522;-3.950028;0;0;0.0;0.0;0.435;-3.945924;GoRight;1.0775219999999999
1.484092;-3.950024;0;0;0.0;0.0;0.435;-3.945924;GoRight;1.049092
1.455661;-3.950022;0;0;0.0;0.0;0.435;-3.945924;GoRight;1.020661
1.427231;-3.95002;0;0;0.0;0.0;0.435;-3.945924;GoRight;0.9922309999999999
1.3988;-3.950018;0;0;0.0;0.0;0.435;-3.945924;GoRight;0.9638
1.37037;-3.950016;0;0;0.0;0.0;0.435;-3.945924;GoRight;0.93537
1.341939;-3.950015;0;0;0.0;0.0;0.435;-3.945924;GoRight;0.9069389999999999
1.313509;-3.950014;0;0;0.0;0.0;0.435;-3.945924;GoRight;0.878509
1.285078;-3.950014;0;0;0.0;0.0;0.435;-3.945924;GoRight;0.8500779999999999
1.256648;-3.950013;0;0;0.0;0.0;0.435;-3.945924;GoRight;0.8216479999999999
1.228217;-3.950013;0;0;0.0;0.0;0.435;-3.945924;GoRight;0.7932169999999998
1.199787;-3.950012;0;0;0.0;0.0;0.435;-3.945924;GoRight;0.7647869999999999
1.171357;-3.950012;0;0;0.0;0.0;0.435;-3.945924;GoRight;0.7363569999999999
1.142926;-3.950012;0;0;0.0;0.0;0.435;-3.945924;GoRight;0.707926
1.114496;-3.950012;0;0;0.0;0.0;0.435;-3.945924;GoRight;0.6794959999999999
1.086065;-3.950012;0;0;0.0;0.0;0.435;-3.945924;GoRight;0.651065
1.057635;-3.950012;0;0;0.0;0.0;0.435;-3.945924;GoRight;0.622635
1.029204;-3.950012;0;0;0.0;0.0;0.435;-3.945924;GoRight;0.594204
1.000774;-3.950012;0;0;0.0;0.0;0.435;-3.945924;GoRight;0.565774
0.9723434;-3.950012;0;0;0.0;0.0;0.435;-3.945924;GoRight;0.5373433999999999
0.9423434;-3.873936;0;0;0.0;0.0;0.435;-3.945924;GoRight;0.5073434000000001
0.9123434;-3.801784;0;0;0.0;0.0;0.435;-3.945924;Shoot;0.47734340000000003
0.8823435;-3.733556;0;0;0.0;0.0;0.435;-3.945924;Shoot;0.44734349999999995
0.8523435;-3.669252;0;0;0.0;0.0;0.435;-3.945924;Shoot;0.41734350000000003
0.8223435;-3.608872;0;0;0.0;0.0;0.435;-3.945924;Shoot;0.3873435
0.7923436;-3.552416;0;0;0.0;0.0;0.435;-3.945924;Shoot;0.35734360000000004
0.7623436;-3.499884;0;0;0.0;0.0;0.435;-3.945924;Shoot;0.3273436
0.7323436;-3.451276;0;0;0.0;0.0;0.435;-3.945924;Shoot;0.2973436
0.7023436;-3.406592;0;0;0.0;0.0;0.435;-3.945924;Shoot;0.26734359999999996
0.6723437;-3.365832;0;0;0.0;0.0;0.435;-3.945924;Shoot;0.2373437
0.6423437;-3.328996;0;0;0.0;0.0;0.435;-3.945924;Shoot;0.20734369999999996
0.6123437;-3.296084;0;0;0.0;0.0;0.435;-3.945924;Shoot;0.17734370000000005
0.5823438;-3.267096;0;0;0.0;0.0;0.435;-3.945924;Shoot;0.14734379999999997
0.5523438;-3.242032;0;0;0.0;0.0;0.435;-3.945924;Shoot;0.11734380000000005
0.5223438;-3.220892;0;0;0.0;0.0;0.435;-3.945924;Shoot;0.08734380000000003
0.4923438;-3.203676;0;0;0.0;0.0;0.435;-3.945924;Shoot;0.0573438
0.4623438;-3.190384;0;0;0.0;0.0;0.435;-3.945924;Shoot;0.02734380000000003
0.4323438;-3.181016;0;0;0.0;0.0;0.435;-3.945924;Shoot;0.0026561999999999975
0.4023438;-3.175572;0;0;0.0;0.0;0.435;-3.945924;Shoot;0.032656200000000024
0.3723438;-3.174052;0;0;0.0;0.0;0.435;-3.945924;Shoot;0.0626562
0.3123438;-3.182784;0;0;0.0;0.0;0.435;-3.945924;Shoot;0.12265619999999999
0.2523438;-3.207211;0;0;0.0;0.0;0.435;-3.945924;Shoot;0.1826562
0.1923438;-3.247335;0;0;0.0;0.0;0.435;-3.945924;Shoot;0.2426562
0.1323438;-3.303155;0;0;0.0;0.0;0.435;-3.945924;Shoot;0.3026562
0.0723438;-3.374671;0;0;0.0;0.0;0.435;-3.945924;Shoot;0.3626562
-0.0176562;-3.511375;0;0;0.0;0.0;0.435;-3.945924;Shoot;0.4526562
-0.1076562;-3.683395;0;0;0.0;0.0;0.435;-3.945924;GoLeft;0.5426562
-0.1976562;-3.890731;0;0;0.0;0.0;0.435;-3.945924;GoLeft;0.6326562
-0.2276562;-3.955806;0;0;0.0;0.0;0.435;-3.945924;GoLeft;0.6626562
-0.3319604;-3.952387;0;0;0.0;0.0;0.435;-3.945924;GoLeft;0.7669604
-0.4584165;-3.950792;0;0;0.0;0.0;0.435;-3.945924;GoLeft;0.8934165000000001
-0.538999;-3.950413;0;0;0.0;0.0;0.435;-3.945924;GoLeft;0.9739990000000001
-0.5674294;-3.950333;0;0;0.0;0.0;0.435;-3.945924;GoLeft;1.0024294
-0.5958598;-3.950269;0;0;0.0;0.0;0.435;-3.945924;GoLeft;1.0308598
-0.6242902;-3.950218;0;0;0.0;0.0;0.435;-3.945924;GoLeft;1.0592902
-0.6542901;-3.874142;0;0;0.0;0.0;0.435;-3.945924;GoLeft;1.0892901
-0.6842901;-3.801991;0;0;0.0;0.0;0.435;-3.945924;GoLeft;1.1192901
-0.7142901;-3.733763;0;0;0.0;0.0;0.435;-3.945924;GoLeft;1.1492901
-0.7442901;-3.669458;0;0;0.0;0.0;0.435;-3.945924;GoLeft;1.1792901
-0.77429;-3.609078;0;0;0.0;0.0;0.435;-3.945924;GoLeft;1.20929
-0.80429;-3.552622;0;0;0.0;0.0;0.435;-3.945924;GoLeft;1.23929
-0.83429;-3.50009;0;0;0.0;0.0;0.435;-3.945924;GoLeft;1.26929
-0.8642899;-3.451482;0;0;0.0;0.0;0.435;-3.945924;GoLeft;1.2992899
-0.8942899;-3.406798;0;0;0.0;0.0;0.435;-3.945924;GoLeft;1.3292899
-0.9242899;-3.366038;0;0;0.0;0.0;0.435;-3.945924;GoLeft;1.3592899
-0.9542899;-3.329202;0;0;0.0;0.0;0.435;-3.945924;GoLeft;1.3892899
-0.9842898;-3.29629;0;0;0.0;0.0;0.435;-3.945924;GoLeft;1.4192898
-1.01429;-3.267302;0;0;0.0;0.0;0.435;-3.945924;GoLeft;1.44929
-1.04429;-3.242238;0;0;0.0;0.0;0.435;-3.945924;GoLeft;1.47929
-1.07429;-3.221098;0;0;0.0;0.0;0.435;-3.945924;GoLeft;1.50929
-1.10429;-3.203882;0;0;0.0;0.0;0.435;-3.945924;GoLeft;1.53929
-1.13429;-3.19059;0;0;0.0;0.0;0.435;-3.945924;GoLeft;1.56929
-1.16429;-3.181222;0;0;0.0;0.0;0.435;-3.945924;GoLeft;1.59929
-1.19429;-3.175778;0;0;0.0;0.0;0.435;-3.945924;GoLeft;1.6292900000000001
-1.22429;-3.174258;0;0;0.0;0.0;0.435;-3.945924;GoLeft;1.6592900000000002
-1.25429;-3.176662;0;0;0.0;0.0;0.435;-3.945924;GoLeft;1.68929
-1.25429;-3.18299;0;0;0.0;0.0;0.435;-3.945924;GoLeft;1.68929
-1.25429;-3.207418;0;0;0.0;0.0;0.435;-3.945924;GoLeft;1.68929
-1.25429;-3.247542;0;0;0.0;0.0;0.435;-3.945924;GoLeft;1.68929
-1.25429;-3.303362;0;0;0.0;0.0;0.435;-3.945924;GoLeft;1.68929
-1.25429;-3.374878;0;0;0.0;0.0;0.435;-3.945924;GoLeft;1.68929
-1.25429;-3.46209;0;0;0.0;0.0;0.435;-3.945924;GoLeft;1.68929
-1.25429;-3.622338;0;0;0.0;0.0;0.435;-3.945924;GoLeft;1.68929
-1.25429;-3.817902;0;0;0.0;0.0;0.435;-3.945924;GoLeft;1.68929
-1.25429;-3.959172;0;0;0.0;0.0;0.435;-3.945924;GoLeft;1.68929
-1.358594;-3.953766;0;0;0.0;0.0;0.435;-3.945924;GoLeft;1.7935940000000001
-1.48505;-3.951246;0;0;0.0;0.0;0.435;-3.945924;GoLeft;1.92005
-1.611506;-3.950419;0;0;0.0;0.0;0.435;-3.945924;GoLeft;2.046506
-1.611506;-3.950223;0;0;0.0;0.0;0.435;-3.945924;GoLeft;2.046506
-1.611506;-3.950149;0;0;0.0;0.0;0.435;-3.945924;GoLeft;2.046506
-1.611506;-3.950122;0;0;0.0;0.0;0.435;-3.945924;GoLeft;2.046506
-1.611506;-3.950101;0;0;0.0;0.0;0.435;-3.945924;GoLeft;2.046506
-1.611506;-3.950084;0;0;0.0;0.0;0.435;-3.945924;GoLeft;2.046506
-1.611506;-3.950071;0;0;0.0;0.0;0.435;-3.945924;GoLeft;2.046506
-1.611506;-3.95006;0;0;0.0;0.0;0.435;-3.945924;GoLeft;2.046506
-1.583076;-3.950051;0;0;0.0;0.0;0.435;-3.945924;GoLeft;2.0180759999999998
-1.554646;-3.950044;0;0;0.0;0.0;0.435;-3.945924;GoLeft;1.989646
-1.526215;-3.950039;0;0;0.0;0.0;0.435;-3.945924;GoLeft;1.9612150000000002
-1.497785;-3.950034;0;0;0.0;0.0;0.435;-3.945924;GoLeft;1.932785
-1.469355;-3.950031;0;0;0.0;0.0;0.435;-3.945924;GoLeft;1.904355
-1.440924;-3.950028;0;0;0.0;0.0;0.435;-3.945924;GoLeft;1.8759240000000001
-1.412494;-3.950026;0;0;0.0;0.0;0.435;-3.945924;GoLeft;1.847494
-1.384064;-3.950024;0;0;0.0;0.0;0.435;-3.945924;GoLeft;1.819064
-1.355633;-3.950022;0;0;0.0;0.0;0.435;-3.945924;GoLeft;1.7906330000000001
-1.327203;-3.950021;0;0;0.0;0.0;0.435;-3.945924;GoLeft;1.762203
-1.298773;-3.95002;0;0;0.0;0.0;0.435;-3.945924;GoLeft;1.733773
-1.270342;-3.950019;0;0;0.0;0.0;0.435;-3.945924;GoLeft;1.7053420000000001
-1.241912;-3.950019;0;0;0.0;0.0;0.435;-3.945924;GoLeft;1.676912
-1.241912;-3.950018;0;0;0.0;0.0;0.435;-3.945924;GoLeft;1.676912
-1.241912;-3.950017;0;0;0.0;0.0;0.435;-3.945924;GoLeft;1.676912
-1.213482;-3.950017;0;0;0.0;0.0;0.435;-3.945924;GoLeft;1.648482
-1.183482;-3.873941;0;0;0.0;0.0;0.435;-3.945924;GoLeft;1.618482
-1.153482;-3.801789;0;0;0.0;0.0;0.435;-3.945924;GoLeft;1.588482
-1.123482;-3.733561;0;0;0.0;0.0;0.435;-3.945924;GoLeft;1.5584820000000001
-1.093482;-3.669257;0;0;0.0;0.0;0.435;-3.945924;GoLeft;1.5284820000000001
-1.063482;-3.608877;0;0;0.0;0.0;0.435;-3.945924;GoLeft;1.498482
-1.033482;-3.552421;0;0;0.0;0.0;0.435;-3.945924;GoLeft;1.468482
-1.003482;-3.499889;0;0;0.0;0.0;0.435;-3.945924;GoLeft;1.438482
-1.003482;-3.451281;0;0;0.0;0.0;0.435;-3.945924;GoLeft;1.438482
-1.003482;-3.406597;0;0;0.0;0.0;0.435;-3.945924;GoLeft;1.438482
-1.003482;-3.365837;0;0;0.0;0.0;0.435;-3.945924;GoLeft;1.438482
-1.003482;-3.329001;0;0;0.0;0.0;0.435;-3.945924;GoLeft;1.438482
-1.003482;-3.296089;0;0;0.0;0.0;0.435;-3.945924;GoLeft;1.438482
-1.003482;-3.267101;0;0;0.0;0.0;0.435;-3.945924;GoLeft;1.438482
-1.003482;-3.242037;0;0;0.0;0.0;0.435;-3.945924;GoLeft;1.438482
-1.003482;-3.220896;0;0;0.0;0.0;0.435;-3.945924;GoLeft;1.438482
-1.003482;-3.203681;0;0;0.0;0.0;0.435;-3.945924;GoLeft;1.438482
-1.003482;-3.18102;0;0;0.0;0.0;0.435;-3.945924;GoLeft;1.438482
-1.003482;-3.273288;0;0;0.0;0.0;0.435;-3.945924;GoLeft;1.438482
-1.003482;-3.748588;0;0;0.0;0.0;0.435;-3.945924;GoLeft;1.438482
-0.9134818;-3.951914;0;0;0.0;0.0;0.435;-3.945924;GoLeft;1.3484818
-0.9134818;-3.950179;0;0;0.0;0.0;0.435;-3.945924;GoLeft;1.3484818
-0.9134818;-3.950069;0;0;0.0;0.0;0.435;-3.945924;GoLeft;1.3484818
-1.017786;-3.950033;0;0;0.0;0.0;0.435;-3.945924;GoLeft;1.4527860000000001
-1.073077;-3.950027;0;0;0.0;0.0;0.435;-3.945924;GoLeft;1.5080770000000001
-1.101508;-3.950025;0;0;0.0;0.0;0.435;-3.945924;GoLeft;1.536508
-1.129938;-3.950023;0;0;0.0;0.0;0.435;-3.945924;GoLeft;1.5649380000000002
-1.158369;-3.950022;0;0;0.0;0.0;0.435;-3.945924;GoLeft;1.593369
-1.186799;-3.950021;0;0;0.0;0.0;0.435;-3.945924;GoLeft;1.621799
-1.21523;-3.95002;0;0;0.0;0.0;0.435;-3.945924;GoLeft;1.65023
-1.24366;-3.950019;0;0;0.0;0.0;0.435;-3.945924;GoLeft;1.67866
-1.27209;-3.950018;0;0;0.0;0.0;0.435;-3.945924;GoLeft;1.70709
-1.300521;-3.950018;0;0;0.0;0.0;0.435;-3.945924;GoLeft;1.735521
-1.328951;-3.950018;0;0;0.0;0.0;0.435;-3.945924;GoLeft;1.763951
-1.357382;-3.950017;0;0;0.0;0.0;0.435;-3.945924;GoLeft;1.7923820000000001
-1.385812;-3.950017;0;0;0.0;0.0;0.435;-3.945924;GoLeft;1.820812
-1.414243;-3.950017;0;0;0.0;0.0;0.435;-3.945924;GoLeft;1.849243
-1.442673;-3.950017;0;0;0.0;0.0;0.435;-3.945924;GoLeft;1.8776730000000001
-1.471104;-3.950017;0;0;0.0;0.0;0.435;-3.945924;GoLeft;1.906104
-1.499534;-3.950017;0;0;0.0;0.0;0.435;-3.945924;GoLeft;1.934534
-1.527965;-3.950017;0;0;0.0;0.0;0.435;-3.945924;GoLeft;1.962965
-1.556395;-3.950017;0;0;0.0;0.0;0.435;-3.945924;GoLeft;1.991395
-1.584826;-3.950017;0;0;0.0;0.0;0.435;-3.945924;GoLeft;2.019826
-1.613256;-3.950017;0;0;0.0;0.0;0.435;-3.945924;GoLeft;2.048256
-1.641686;-3.950017;0;0;0.0;0.0;0.435;-3.945924;GoLeft;2.076686
-1.670117;-3.950017;0;0;0.0;0.0;0.435;-3.945924;GoLeft;2.105117
-1.698547;-3.950017;0;0;0.0;0.0;0.435;-3.945924;GoLeft;2.133547
-1.726978;-3.950017;0;0;0.0;0.0;0.435;-3.945924;GoLeft;2.161978
-1.755408;-3.950017;0;0;0.0;0.0;0.435;-3.945924;GoLeft;2.190408
-1.783839;-3.950017;0;0;0.0;0.0;0.435;-3.945924;GoLeft;2.218839
-1.812269;-3.950017;0;0;0.0;0.0;0.435;-3.945924;GoLeft;2.2472689999999997
-1.8407;-3.950017;0;0;0.0;0.0;0.435;-3.945924;GoLeft;2.2757
-1.86913;-3.950017;0;0;0.0;0.0;0.435;-3.945924;GoLeft;2.30413
-1.897561;-3.950017;0;0;0.0;0.0;0.435;-3.945924;GoLeft;2.332561
-1.925991;-3.950017;0;0;0.0;0.0;0.435;-3.945924;GoLeft;2.360991
-1.954422;-3.950017;0;0;0.0;0.0;0.435;-3.945924;GoLeft;2.389422
-1.982852;-3.950017;0;0;0.0;0.0;0.435;-3.945924;GoLeft;2.417852
-2.011282;-3.950017;0;0;0.0;0.0;0.435;-3.945924;GoLeft;2.446282
-2.039713;-3.950017;0;0;0.0;0.0;0.435;-3.945924;GoLeft;2.474713
-2.068143;-3.950017;0;0;0.0;0.0;0.435;-3.945924;GoLeft;2.503143
-2.096574;-3.950017;0;0;0.0;0.0;0.435;-3.945924;GoLeft;2.531574
-2.125004;-3.950017;0;0;0.0;0.0;0.435;-3.945924;GoLeft;2.560004
-2.153435;-3.950017;0;0;0.0;0.0;0.435;-3.945924;GoLeft;2.588435
-2.181865;-3.950017;0;0;0.0;0.0;0.435;-3.945924;GoLeft;2.616865
-2.210296;-3.950017;0;0;0.0;0.0;0.435;-3.945924;GoLeft;2.645296
-2.181865;-3.950017;0;0;0.0;0.0;0.435;-3.945924;GoLeft;2.616865
-2.153435;-3.950017;0;0;0.0;0.0;0.435;-3.945924;GoLeft;2.588435
-2.125004;-3.950017;0;0;0.0;0.0;0.435;-3.945924;GoLeft;2.560004
-2.096574;-3.950017;0;0;0.0;0.0;0.435;-3.945924;GoLeft;2.531574
-2.068143;-3.950017;0;0;0.0;0.0;0.435;-3.945924;GoLeft;2.503143
-2.039713;-3.950017;0;0;0.0;0.0;0.435;-3.945924;GoLeft;2.474713
-2.011282;-3.950017;0;0;0.0;0.0;0.435;-3.945924;GoLeft;2.446282
-1.982852;-3.950017;0;0;0.0;0.0;0.435;-3.945924;GoLeft;2.417852
-1.954422;-3.950017;0;0;0.0;0.0;0.435;-3.945924;GoLeft;2.389422
-1.925991;-3.950017;0;0;0.0;0.0;0.435;-3.945924;GoLeft;2.360991
-1.897561;-3.950017;0;0;0.0;0.0;0.435;-3.945924;GoLeft;2.332561
-1.869131;-3.950017;0;0;0.0;0.0;0.435;-3.945924;GoLeft;2.304131
-1.8407;-3.950017;0;0;0.0;0.0;0.435;-3.945924;GoLeft;2.2757
-1.81227;-3.950017;0;0;0.0;0.0;0.435;-3.945924;GoLeft;2.24727
-1.78384;-3.950017;0;0;0.0;0.0;0.435;-3.945924;GoLeft;2.21884
-1.755409;-3.950017;0;0;0.0;0.0;0.435;-3.945924;GoLeft;2.190409
-1.726979;-3.950017;0;0;0.0;0.0;0.435;-3.945924;GoLeft;2.161979
-1.698549;-3.950017;0;0;0.0;0.0;0.435;-3.945924;GoLeft;2.133549
-1.670118;-3.950017;0;0;0.0;0.0;0.435;-3.945924;GoLeft;2.105118
-1.641688;-3.950017;0;0;0.0;0.0;0.435;-3.945924;GoLeft;2.076688
-1.613258;-3.950017;0;0;0.0;0.0;0.435;-3.945924;GoLeft;2.048258
-1.584827;-3.950017;0;0;0.0;0.0;0.435;-3.945924;GoLeft;2.019827
-1.556397;-3.950017;0;0;0.0;0.0;0.435;-3.945924;GoLeft;1.991397
-1.527966;-3.950017;0;0;0.0;0.0;0.435;-3.945924;GoLeft;1.962966
-1.556397;-3.950017;0;0;0.0;0.0;0.435;-3.945924;GoLeft;1.991397
-1.584827;-3.950017;0;0;0.0;0.0;0.435;-3.945924;GoLeft;2.019827
-1.613258;-3.950017;0;0;0.0;0.0;0.435;-3.945924;GoLeft;2.048258
-1.641688;-3.950017;0;0;0.0;0.0;0.435;-3.945924;GoLeft;2.076688
-1.670119;-3.950017;0;0;0.0;0.0;0.435;-3.945924;GoLeft;2.1051189999999997
-1.698549;-3.950017;0;0;0.0;0.0;0.435;-3.945924;GoLeft;2.133549
-1.72698;-3.950017;0;0;0.0;0.0;0.435;-3.945924;GoLeft;2.16198
-1.75541;-3.950017;0;0;0.0;0.0;0.435;-3.945924;GoLeft;2.19041
-1.783841;-3.950017;0;0;0.0;0.0;0.435;-3.945924;GoLeft;2.218841
-1.75541;-3.950017;0;0;0.0;0.0;0.435;-3.945924;GoLeft;2.19041
-1.72698;-3.950017;0;0;0.0;0.0;0.435;-3.945924;GoLeft;2.16198
-1.69855;-3.950017;0;0;0.0;0.0;0.435;-3.945924;GoLeft;2.13355
-1.670119;-3.950017;0;0;0.0;0.0;0.435;-3.945924;GoLeft;2.1051189999999997
-1.641689;-3.950017;0;0;0.0;0.0;0.435;-3.945924;GoLeft;2.076689
-1.613259;-3.950017;0;0;0.0;0.0;0.435;-3.945924;GoLeft;2.048259
-1.584828;-3.950017;0;0;0.0;0.0;0.435;-3.945924;GoLeft;2.019828
-1.556398;-3.950017;0;0;0.0;0.0;0.435;-3.945924;GoLeft;1.991398
-1.527968;-3.950017;0;0;0.0;0.0;0.435;-3.945924;GoLeft;1.962968
-1.499537;-3.950017;0;0;0.0;0.0;0.435;-3.945924;GoLeft;1.934537
-1.471107;-3.950017;0;0;0.0;0.0;0.435;-3.945924;GoLeft;1.906107
-1.442677;-3.950017;0;0;0.0;0.0;0.435;-3.945924;GoLeft;1.877677
-1.414246;-3.950017;0;0;0.0;0.0;0.435;-3.945924;GoLeft;1.849246
-1.385816;-3.950017;0;0;0.0;0.0;0.435;-3.945924;GoLeft;1.820816
-1.385816;-3.950017;0;0;0.0;1.0;0.435;-3.945924;GoLeft;1.820816
-1.385816;-3.950017;0;0;0.0;0.0;0.435;-3.945924;GoLeft;1.820816
-1.357386;-3.950017;0;0;0.0;0.0;0.435;-3.945924;GoLeft;1.792386
-1.328955;-3.950017;0;0;0.0;0.0;0.435;-3.945924;GoLeft;1.7639550000000002
-1.300525;-3.950017;0;0;0.0;0.0;0.435;-3.945924;GoLeft;1.735525
-1.272094;-3.950017;0;0;0.0;0.0;0.435;-3.945924;GoLeft;1.7070940000000001
-1.243664;-3.950017;0;0;0.0;0.0;0.435;-3.945924;GoLeft;1.6786640000000002
-1.215234;-3.950017;0;0;0.0;0.0;0.435;-3.945924;GoLeft;1.650234
-1.186803;-3.950017;0;0;0.0;0.0;0.435;-3.945924;GoLeft;1.621803
-1.158373;-3.950017;0;0;0.0;0.0;0.435;-3.945924;GoLeft;1.5933730000000002
-1.129943;-3.950017;0;0;0.0;0.0;0.435;-3.945924;GoLeft;1.564943
-1.101512;-3.950017;0;0;0.0;0.0;0.435;-3.945924;GoLeft;1.536512
-1.073082;-3.950016;0;0;0.0;0.0;0.435;-3.945924;GoLeft;1.5080820000000001
-1.044652;-3.950016;0;0;0.0;0.0;0.435;-3.945924;GoLeft;1.479652
-1.016221;-3.950016;0;0;0.0;0.0;0.435;-3.945924;GoLeft;1.451221
-0.9877911;-3.950016;0;0;0.0;0.0;0.435;-3.945924;GoLeft;1.4227911
-0.9593607;-3.950016;0;0;0.0;0.0;0.435;-3.945924;GoLeft;1.3943607
-0.9309303;-3.950016;0;0;0.0;0.0;0.435;-3.945924;GoLeft;1.3659303
-0.9024999;-3.950016;0;0;0.0;0.0;0.435;-3.945924;GoLeft;1.3374999
-0.8740695;-3.950016;0;0;0.0;0.0;0.435;-3.945924;GoLeft;1.3090695
-0.8456391;-3.950016;0;0;0.0;0.0;0.435;-3.945924;GoLeft;1.2806391
-0.8172087;-3.950016;0;0;0.0;0.0;0.435;-3.945924;GoLeft;1.2522087
-0.7887783;-3.950016;0;0;0.0;0.0;0.435;-3.945924;GoLeft;1.2237783
-0.7603479;-3.950016;0;0;0.0;0.0;0.435;-3.945924;GoLeft;1.1953479
-0.7319175;-3.950016;0;0;0.0;0.0;0.435;-3.945924;GoLeft;1.1669175
-0.7034871;-3.950016;0;0;0.0;0.0;0.435;-3.945924;GoLeft;1.1384871
-0.6750567;-3.950016;0;0;0.0;0.0;0.435;-3.945924;GoLeft;1.1100567
-0.6466263;-3.950016;0;0;0.0;0.0;0.435;-3.945924;GoLeft;1.0816263
-0.6181959;-3.950016;0;0;0.0;0.0;0.435;-3.945924;GoLeft;1.0531959
-0.5897655;-3.950015;0;0;0.0;0.0;0.435;-3.945924;GoLeft;1.0247655
-0.5613351;-3.950015;0;0;0.0;0.0;0.435;-3.945924;GoLeft;0.9963351
-0.5897655;-3.950015;0;0;0.0;0.0;0.435;-3.945924;GoLeft;1.0247655
-0.6181959;-3.950015;0;0;0.0;0.0;0.435;-3.945924;GoLeft;1.0531959
-0.6466263;-3.950015;0;0;0.0;0.0;0.435;-3.945924;GoLeft;1.0816263
-0.6750567;-3.950015;0;0;0.0;0.0;0.435;-3.945924;GoLeft;1.1100567
-0.7034871;-3.950015;0;0;0.0;0.0;0.435;-3.945924;GoLeft;1.1384871
-0.7319175;-3.950015;0;0;0.0;0.0;0.435;-3.945924;GoLeft;1.1669175
-0.7034872;-3.950015;0;0;0.0;0.0;0.435;-3.945924;GoLeft;1.1384872
-0.6750568;-3.950015;0;0;0.0;0.0;0.435;-3.945924;GoLeft;1.1100568
-0.6466264;-3.950015;0;0;0.0;0.0;0.435;-3.945924;GoLeft;1.0816264
-0.618196;-3.950015;0;0;0.0;0.0;0.435;-3.945924;GoLeft;1.053196
-0.5897655;-3.950015;0;0;0.0;0.0;0.435;-3.945924;GoLeft;1.0247655
-0.5613351;-3.950015;0;0;0.0;0.0;0.435;-3.945924;GoLeft;0.9963351
-0.5329047;-3.950015;0;0;0.0;0.0;0.435;-3.945924;GoLeft;0.9679047000000001
-0.5329047;-3.873939;0;0;0.0;0.0;0.435;-3.945924;GoLeft;0.9679047000000001
-0.5329047;-3.801787;0;0;0.0;0.0;0.435;-3.945924;GoLeft;0.9679047000000001
-0.5329047;-3.733559;0;0;0.0;0.0;0.435;-3.945924;GoLeft;0.9679047000000001
-0.5329047;-3.669255;0;0;0.0;0.0;0.435;-3.945924;GoLeft;0.9679047000000001
-0.5329047;-3.608875;0;0;0.0;0.0;0.435;-3.945924;GoLeft;0.9679047000000001
-0.5329047;-3.552419;0;0;0.0;0.0;0.435;-3.945924;GoLeft;0.9679047000000001
-0.5029048;-3.499887;0;0;0.0;0.0;0.435;-3.945924;GoLeft;0.9379048000000001
-0.4729047;-3.451279;0;0;0.0;0.0;0.435;-3.945924;GoLeft;0.9079047
-0.4429047;-3.406595;0;0;0.0;0.0;0.435;-3.945924;GoLeft;0.8779047
-0.4129047;-3.365835;0;0;0.0;0.0;0.435;-3.945924;GoLeft;0.8479047
-0.3829047;-3.328999;0;0;0.0;0.0;0.435;-3.945924;GoLeft;0.8179046999999999
-0.3529047;-3.296087;0;0;0.0;0.0;0.435;-3.945924;GoLeft;0.7879047
-0.3229047;-3.267099;0;0;0.0;0.0;0.435;-3.945924;GoLeft;0.7579047
-0.2929047;-3.242035;0;0;0.0;0.0;0.435;-3.945924;GoLeft;0.7279047000000001
-0.2629047;-3.220895;0;0;0.0;0.0;0.435;-3.945924;GoLeft;0.6979047
-0.2329047;-3.203679;0;0;0.0;0.0;0.435;-3.945924;GoLeft;0.6679047
-0.1729047;-3.181019;0;0;0.0;0.0;0.435;-3.945924;GoLeft;0.6079047
-0.1129047;-3.174055;0;0;0.0;0.0;0.435;-3.945924;GoLeft;0.5479047
-0.05290473;-3.182787;0;0;0.0;0.0;0.435;-3.945924;Shoot;0.48790473
0.007095268;-3.207215;0;0;0.0;0.0;0.435;-3.945924;Shoot;0.427904732
0.06709526;-3.247339;0;0;0.0;0.0;0.435;-3.945924;Shoot;0.36790474
0.1570953;-3.336955;0;0;0.0;0.0;0.435;-3.945924;Shoot;0.2779047
0.1570953;-3.461887;0;0;0.0;0.0;0.435;-3.945924;Shoot;0.2779047
0.06709526;-3.622135;0;0;0.0;0.0;0.435;-3.945924;Shoot;0.36790474
-0.05290474;-3.890735;0;0;0.0;0.0;0.435;-3.945924;Shoot;0.48790474
-0.08290477;-3.955807;0;0;0.0;0.0;0.435;-3.945924;GoLeft;0.51790477
-0.209361;-3.951912;0;0;0.0;0.0;0.435;-3.945924;GoLeft;0.644361
-0.3563996;-3.950512;0;0;0.0;0.0;0.435;-3.945924;GoLeft;0.7913996
-0.3563996;-3.950269;0;0;0.0;0.0;0.435;-3.945924;GoLeft;0.7913996
-0.3563996;-3.950177;0;0;0.0;0.0;0.435;-3.945924;GoLeft;0.7913996
-0.3563996;-3.950145;0;0;0.0;0.0;0.435;-3.945924;GoLeft;0.7913996
-0.3563996;-3.950119;0;0;0.0;0.0;0.435;-3.945924;GoLeft;0.7913996
-0.3563996;-3.950098;0;0;0.0;0.0;0.435;-3.945924;GoLeft;0.7913996
-0.3563996;-3.950081;0;0;0.0;0.0;0.435;-3.945924;GoLeft;0.7913996
-0.3563996;-3.950068;0;0;0.0;0.0;0.435;-3.945924;GoLeft;0.7913996
-0.3563996;-3.950057;0;0;0.0;0.0;0.435;-3.945924;GoLeft;0.7913996
-0.38483;-3.950048;0;0;0.0;0.0;0.435;-3.945924;GoLeft;0.8198300000000001
-0.4132604;-3.950042;0;0;0.0;0.0;0.435;-3.945924;GoLeft;0.8482604
-0.4416908;-3.950036;0;0;0.0;0.0;0.435;-3.945924;GoLeft;0.8766908
-0.4701212;-3.950032;0;0;0.0;0.0;0.435;-3.945924;GoLeft;0.9051212
-0.4985516;-3.950028;0;0;0.0;0.0;0.435;-3.945924;GoLeft;0.9335515999999999
-0.526982;-3.950026;0;0;0.0;0.0;0.435;-3.945924;GoLeft;0.9619819999999999
-0.5554124;-3.950023;0;0;0.0;0.0;0.435;-3.945924;GoLeft;0.9904124000000001
-0.5838428;-3.950022;0;0;0.0;0.0;0.435;-3.945924;GoLeft;1.0188428
-0.6122732;-3.95002;0;0;0.0;0.0;0.435;-3.945924;GoLeft;1.0472732
-0.6407036;-3.950019;0;0;0.0;0.0;0.435;-3.945924;GoLeft;1.0757036
-0.669134;-3.950018;0;0;0.0;0.0;0.435;-3.945924;GoLeft;1.104134
-0.6975644;-3.950018;0;0;0.0;0.0;0.435;-3.945924;GoLeft;1.1325644
-0.7259948;-3.950017;0;0;0.0;0.0;0.435;-3.945924;GoLeft;1.1609948
-0.7544252;-3.950017;0;0;0.0;0.0;0.435;-3.945924;GoLeft;1.1894252
-0.7828556;-3.950016;0;0;0.0;0.0;0.435;-3.945924;GoLeft;1.2178556
-0.811286;-3.950016;0;0;0.0;0.0;0.435;-3.945924;GoLeft;1.246286
-0.8397164;-3.950016;0;0;0.0;0.0;0.435;-3.945924;GoLeft;1.2747164
-0.8681468;-3.950016;0;0;0.0;0.0;0.435;-3.945924;GoLeft;1.3031468
-0.8965772;-3.950016;0;0;0.0;0.0;0.435;-3.945924;GoLeft;1.3315772
-0.9250076;-3.950016;0;0;0.0;0.0;0.435;-3.945924;GoLeft;1.3600076
-0.953438;-3.950016;0;0;0.0;0.0;0.435;-3.945924;GoLeft;1.388438
-0.9818684;-3.950016;0;0;0.0;0.0;0.435;-3.945924;GoLeft;1.4168684
-1.010299;-3.950016;0;0;0.0;0.0;0.435;-3.945924;GoLeft;1.4452990000000001
-1.038729;-3.950016;0;0;0.0;0.0;0.435;-3.945924;GoLeft;1.473729
-1.06716;-3.950016;0;0;0.0;0.0;0.435;-3.945924;GoLeft;1.5021600000000002
-1.09559;-3.950016;0;0;0.0;0.0;0.435;-3.945924;GoLeft;1.5305900000000001
-1.124021;-3.950016;0;0;0.0;0.0;0.435;-3.945924;GoLeft;1.559021
-1.152451;-3.950016;0;0;0.0;0.0;0.435;-3.945924;GoLeft;1.587451
-1.180882;-3.950016;0;0;0.0;0.0;0.435;-3.945924;GoLeft;1.615882
-1.209312;-3.950016;0;0;0.0;0.0;0.435;-3.945924;GoLeft;1.644312
-1.180882;-3.950016;0;0;0.0;0.0;0.435;-3.945924;GoLeft;1.615882
-1.152451;-3.950016;0;0;0.0;0.0;0.435;-3.945924;GoLeft;1.587451
-1.124021;-3.950016;0;0;0.0;0.0;0.435;-3.945924;GoLeft;1.559021
-1.095591;-3.950016;0;0;0.0;0.0;0.435;-3.945924;GoLeft;1.530591
-1.06716;-3.950016;0;0;0.0;0.0;0.435;-3.945924;GoLeft;1.5021600000000002
-1.03873;-3.950016;0;0;0.0;0.0;0.435;-3.945924;GoLeft;1.47373
-1.0103;-3.950016;0;0;0.0;0.0;0.435;-3.945924;GoLeft;1.4453
-0.9818693;-3.950016;0;0;0.0;0.0;0.435;-3.945924;GoLeft;1.4168692999999999
-0.9534389;-3.950016;0;0;0.0;0.0;0.435;-3.945924;GoLeft;1.3884389
-0.9250085;-3.950016;0;0;0.0;0.0;0.435;-3.945924;GoLeft;1.3600085
-0.8965781;-3.950016;0;0;0.0;0.0;0.435;-3.945924;GoLeft;1.3315781
-0.8681477;-3.950016;0;0;0.0;0.0;0.435;-3.945924;GoLeft;1.3031477
-0.8397173;-3.950016;0;0;0.0;0.0;0.435;-3.945924;GoLeft;1.2747173
-0.8112869;-3.950016;0;0;0.0;0.0;0.435;-3.945924;GoLeft;1.2462869
-0.7828565;-3.950016;0;0;0.0;0.0;0.435;-3.945924;GoLeft;1.2178565
-0.7544261;-3.950016;0;0;0.0;0.0;0.435;-3.945924;GoLeft;1.1894261
-0.7259957;-3.950016;0;0;0.0;0.0;0.435;-3.945924;GoLeft;1.1609957
-0.6975653;-3.950016;0;0;0.0;0.0;0.435;-3.945924;GoLeft;1.1325653
-0.6691349;-3.950016;0;0;0.0;0.0;0.435;-3.945924;GoLeft;1.1041349
-0.6407045;-3.950016;0;0;0.0;0.0;0.435;-3.945924;GoLeft;1.0757045
-0.6122741;-3.950016;0;0;0.0;0.0;0.435;-3.945924;GoLeft;1.0472741
-0.5838437;-3.950015;0;0;0.0;0.0;0.435;-3.945924;GoLeft;1.0188437
-0.5554133;-3.950015;0;0;0.0;0.0;0.435;-3.945924;GoLeft;0.9904132999999999
-0.5269829;-3.950015;0;0;0.0;0.0;0.435;-3.945924;GoLeft;0.9619829
-0.4985525;-3.950015;0;0;0.0;0.0;0.435;-3.945924;GoLeft;0.9335525
-0.4701221;-3.950015;0;0;0.0;0.0;0.435;-3.945924;GoLeft;0.9051221
-0.4416917;-3.950015;0;0;0.0;0.0;0.435;-3.945924;GoLeft;0.8766917000000001
-0.4132613;-3.950015;0;0;0.0;0.0;0.435;-3.945924;GoLeft;0.8482613
-0.3848309;-3.950015;0;0;0.0;0.0;0.435;-3.945924;GoLeft;0.8198308999999999
-0.3564005;-3.950015;0;0;0.0;0.0;0.435;-3.945924;GoLeft;0.7914005
-0.3279701;-3.950015;0;0;0.0;0.0;0.435;-3.945924;GoLeft;0.7629701
-0.2995397;-3.950015;0;0;0.0;0.0;0.435;-3.945924;GoLeft;0.7345397
-0.2711093;-3.950015;0;0;0.0;0.0;0.435;-3.945924;GoLeft;0.7061093
-0.2426789;-3.950015;0;0;0.0;0.0;0.435;-3.945924;GoLeft;0.6776789
-0.2142485;-3.950015;0;0;0.0;0.0;0.435;-3.945924;GoLeft;0.6492485
-0.1858181;-3.950015;0;0;0.0;0.0;0.435;-3.945924;GoLeft;0.6208181
-0.1558181;-3.873939;0;0;0.0;0.0;0.435;-3.945924;GoLeft;0.5908181
-0.1258181;-3.801787;0;0;0.0;0.0;0.435;-3.945924;GoLeft;0.5608181
-0.09581807;-3.733559;0;0;0.0;0.0;0.435;-3.945924;GoLeft;0.53081807
-0.06581807;-3.669255;0;0;0.0;0.0;0.435;-3.945924;GoLeft;0.50081807
-0.03581807;-3.608875;0;0;0.0;0.0;0.435;-3.945924;Shoot;0.47081807
-0.005818073;-3.552419;0;0;0.0;0.0;0.435;-3.945924;Shoot;0.440818073
0.02418193;-3.499887;0;0;0.0;0.0;0.435;-3.945924;Shoot;0.41081807
0.05418193;-3.451279;0;0;0.0;0.0;0.435;-3.945924;Shoot;0.38081807
0.08418192;-3.406595;0;0;0.0;0.0;0.435;-3.945924;Shoot;0.35081808000000003
0.1141819;-3.365835;0;0;0.0;0.0;0.435;-3.945924;Shoot;0.3208181
0.1441819;-3.328999;0;0;0.0;0.0;0.435;-3.945924;Shoot;0.29081809999999997
0.1741819;-3.296087;0;0;0.0;0.0;0.435;-3.945924;Shoot;0.2608181
0.2041819;-3.267099;0;0;0.0;0.0;0.435;-3.945924;Shoot;0.2308181
0.2341819;-3.242035;0;0;0.0;0.0;0.435;-3.945924;Shoot;0.2008181
0.2641819;-3.220895;0;0;0.0;0.0;0.435;-3.945924;Shoot;0.17081809999999997
0.2941819;-3.203679;0;0;0.0;0.0;0.435;-3.945924;Shoot;0.1408181
0.3241819;-3.190387;0;0;0.0;0.0;0.435;-3.945924;Shoot;0.11081809999999997
0.3541819;-3.181019;0;0;0.0;0.0;0.435;-3.945924;Shoot;0.0808181
0.4141819;-3.174055;0;0;0.0;0.0;0.435;-3.945924;Shoot;0.020818100000000006
0.4741819;-3.182786;0;0;0.0;0.0;0.435;-3.945924;Shoot;0.03918189999999999
0.5341819;-3.207214;0;0;0.0;0.0;0.435;-3.945924;Shoot;0.09918189999999999
0.6241818;-3.273286;0;0;0.0;0.0;0.435;-3.945924;Shoot;0.1891818
0.7141817;-3.374674;0;0;0.0;0.0;0.435;-3.945924;Shoot;0.27918170000000003
0.8041816;-3.511378;0;0;0.0;0.0;0.435;-3.945924;Shoot;0.36918160000000005
0.8941815;-3.683398;0;0;0.0;0.0;0.435;-3.945924;Shoot;0.45918149999999996
1.014181;-3.967694;0;0;0.0;0.0;0.435;-3.945924;GoRight;0.579181
1.014181;-3.954647;0;0;0.0;0.0;0.435;-3.945924;GoRight;0.579181
1.118485;-3.95191;0;0;0.0;0.0;0.435;-3.945924;GoRight;0.6834849999999999
1.244941;-3.950633;0;0;0.0;0.0;0.435;-3.945924;GoRight;0.809941
1.325524;-3.95033;0;0;0.0;0.0;0.435;-3.945924;GoRight;0.8905239999999999
1.380815;-3.950215;0;0;0.0;0.0;0.435;-3.945924;GoRight;0.9458149999999999
1.409245;-3.950174;0;0;0.0;0.0;0.435;-3.945924;GoRight;0.974245
1.437675;-3.950141;0;0;0.0;0.0;0.435;-3.945924;GoRight;1.002675
1.466106;-3.950115;0;0;0.0;0.0;0.435;-3.945924;GoRight;1.0311059999999999
1.494536;-3.950094;0;0;0.0;0.0;0.435;-3.945924;GoRight;1.059536
1.522967;-3.950078;0;0;0.0;0.0;0.435;-3.945924;GoRight;1.087967
1.551397;-3.950064;0;0;0.0;0.0;0.435;-3.945924;GoRight;1.1163969999999999
1.579827;-3.950053;0;0;0.0;0.0;0.435;-3.945924;GoRight;1.144827
1.608258;-3.950045;0;0;0.0;0.0;0.435;-3.945924;GoRight;1.173258
1.636688;-3.950038;0;0;0.0;0.0;0.435;-3.945924;GoRight;1.2016879999999999
1.665118;-3.950032;0;0;0.0;0.0;0.435;-3.945924;GoRight;1.230118
1.693549;-3.950028;0;0;0.0;0.0;0.435;-3.945924;GoRight;1.258549
1.721979;-3.950024;0;0;0.0;0.0;0.435;-3.945924;GoRight;1.2869789999999999
1.750409;-3.950022;0;0;0.0;0.0;0.435;-3.945924;GoRight;1.315409
1.77884;-3.950019;0;0;0.0;0.0;0.435;-3.945924;GoRight;1.34384
1.80727;-3.950017;0;0;0.0;0.0;0.435;-3.945924;GoRight;1.3722699999999999
1.8357;-3.950016;0;0;0.0;0.0;0.435;-3.945924;GoRight;1.4007
1.864131;-3.950015;0;0;0.0;0.0;0.435;-3.945924;GoRight;1.429131
1.892561;-3.950014;0;0;0.0;0.0;0.435;-3.945924;GoRight;1.4575609999999999
1.920991;-3.950013;0;0;0.0;0.0;0.435;-3.945924;GoRight;1.4859909999999998
1.949422;-3.950012;0;0;0.0;0.0;0.435;-3.945924;GoRight;1.514422
1.977852;-3.950012;0;0;0.0;0.0;0.435;-3.945924;GoRight;1.542852
2.006282;-3.950011;0;0;0.0;0.0;0.435;-3.945924;GoRight;1.571282
2.034713;-3.950011;0;0;0.0;0.0;0.435;-3.945924;GoRight;1.599713
2.063143;-3.950011;0;0;0.0;0.0;0.435;-3.945924;GoRight;1.6281430000000001
2.091574;-3.950011;0;0;0.0;0.0;0.435;-3.945924;GoRight;1.656574
2.120004;-3.95001;0;0;0.0;0.0;0.435;-3.945924;GoRight;1.6850040000000002
2.148435;-3.95001;0;0;0.0;0.0;0.435;-3.945924;GoRight;1.713435
2.176865;-3.95001;0;0;0.0;0.0;0.435;-3.945924;GoRight;1.7418649999999998
2.205296;-3.95001;0;0;0.0;0.0;0.435;-3.945924;GoRight;1.770296
2.233726;-3.95001;0;0;0.0;0.0;0.435;-3.945924;GoRight;1.7987259999999998
2.262156;-3.95001;0;0;0.0;0.0;0.435;-3.945924;GoRight;1.827156
2.290587;-3.95001;0;0;0.0;0.0;0.435;-3.945924;GoRight;1.8555869999999999
2.319017;-3.95001;0;0;0.0;0.0;0.435;-3.945924;GoRight;1.884017
2.347448;-3.95001;0;0;0.0;0.0;0.435;-3.945924;GoRight;1.912448
2.375878;-3.950009;0;0;0.0;0.0;0.435;-3.945924;GoRight;1.940878
2.404309;-3.950009;0;0;0.0;0.0;0.435;-3.945924;GoRight;1.969309
2.432739;-3.950009;0;0;0.0;0.0;0.435;-3.945924;GoRight;1.9977390000000002
2.46117;-3.950009;0;0;0.0;0.0;0.435;-3.945924;GoRight;2.02617
2.4896;-3.950009;0;0;0.0;0.0;0.435;-3.945924;GoRight;2.0545999999999998
2.518031;-3.950009;0;0;0.0;0.0;0.435;-3.945924;GoRight;2.083031
2.546461;-3.950009;0;0;0.0;0.0;0.435;-3.945924;GoRight;2.111461
2.574892;-3.950009;0;0;0.0;0.0;0.435;-3.945924;GoRight;2.139892
2.603322;-3.950009;0;0;0.0;0.0;0.435;-3.945924;GoRight;2.168322
2.631752;-3.950009;0;0;0.0;0.0;0.435;-3.945924;GoRight;2.196752
2.687044;-3.950009;0;0;0.0;0.0;0.435;-3.945924;GoRight;2.252044
2.582739;-3.950009;0;0;0.0;0.0;0.435;-3.945924;GoRight;2.147739
2.456283;-3.950009;0;0;0.0;0.0;0.435;-3.945924;GoRight;2.021283
2.375701;-3.950009;0;0;0.0;0.0;0.435;-3.945924;GoRight;1.9407009999999998
2.32041;-3.950009;0;0;0.0;0.0;0.435;-3.945924;GoRight;1.8854099999999998
2.291979;-3.950009;0;0;0.0;0.0;0.435;-3.945924;GoRight;1.856979
2.263549;-3.950009;0;0;0.0;0.0;0.435;-3.945924;GoRight;1.8285489999999998
2.235118;-3.950009;0;0;0.0;0.0;0.435;-3.945924;GoRight;1.8001179999999999
2.206688;-3.950009;0;0;0.0;0.0;0.435;-3.945924;GoRight;1.7716880000000002
2.178257;-3.950009;0;0;0.0;0.0;0.435;-3.945924;GoRight;1.7432569999999998
2.149827;-3.950009;0;0;0.0;0.0;0.435;-3.945924;GoRight;1.714827
2.121397;-3.950009;0;0;0.0;0.0;0.435;-3.945924;GoRight;1.686397
2.092966;-3.950009;0;0;0.0;0.0;0.435;-3.945924;GoRight;1.657966
2.064536;-3.950009;0;0;0.0;0.0;0.435;-3.945924;GoRight;1.6295359999999999
2.036105;-3.950009;0;0;0.0;0.0;0.435;-3.945924;GoRight;1.601105
2.007675;-3.950009;0;0;0.0;0.0;0.435;-3.945924;GoRight;1.5726749999999998
1.979244;-3.950009;0;0;0.0;0.0;0.435;-3.945924;GoRight;1.544244
1.950814;-3.950009;0;0;0.0;0.0;0.435;-3.945924;GoRight;1.515814
1.922383;-3.950009;0;0;0.0;0.0;0.435;-3.945924;GoRight;1.487383
1.893953;-3.950009;0;0;0.0;0.0;0.435;-3.945924;GoRight;1.458953
1.865522;-3.950009;0;0;0.0;0.0;0.435;-3.945924;GoRight;1.4305219999999998
1.837092;-3.950009;0;0;0.0;0.0;0.435;-3.945924;GoRight;1.402092
1.808661;-3.950009;0;0;0.0;0.0;0.435;-3.945924;GoRight;1.373661
1.780231;-3.950009;0;0;0.0;0.0;0.435;-3.945924;GoRight;1.3452309999999998
1.751801;-3.950009;0;0;0.0;0.0;0.435;-3.945924;GoRight;1.3168009999999999
1.72337;-3.950009;0;0;0.0;0.0;0.435;-3.945924;GoRight;1.28837
1.69494;-3.950009;0;0;0.0;0.0;0.435;-3.945924;GoRight;1.2599399999999998
1.666509;-3.950009;0;0;0.0;0.0;0.435;-3.945924;GoRight;1.231509
1.638079;-3.950009;0;0;0.0;0.0;0.435;-3.945924;GoRight;1.203079
1.609648;-3.950009;0;0;0.0;0.0;0.435;-3.945924;GoRight;1.174648
1.581218;-3.950009;0;0;0.0;0.0;0.435;-3.945924;GoRight;1.146218
1.552787;-3.950009;0;0;0.0;0.0;0.435;-3.945924;GoRight;1.1177869999999999
1.524357;-3.950009;0;0;0.0;0.0;0.435;-3.945924;GoRight;1.089357
1.495926;-3.950009;0;0;0.0;0.0;0.435;-3.945924;GoRight;1.060926
1.467496;-3.950009;0;0;0.0;0.0;0.435;-3.945924;GoRight;1.0324959999999999
1.439065;-3.950009;0;0;0.0;0.0;0.435;-3.945924;GoRight;1.004065
1.410635;-3.950009;0;0;0.0;0.0;0.435;-3.945924;GoRight;0.975635
1.382205;-3.950009;0;0;0.0;0.0;0.435;-3.945924;GoRight;0.9472049999999999
1.353774;-3.950009;0;0;0.0;0.0;0.435;-3.945924;GoRight;0.918774
1.325344;-3.950009;0;0;0.0;0.0;0.435;-3.945924;GoRight;0.890344
1.296913;-3.950009;0;0;0.0;0.0;0.435;-3.945924;GoRight;0.8619129999999999
1.268483;-3.950009;0;0;0.0;0.0;0.435;-3.945924;GoRight;0.833483
1.240052;-3.950009;0;0;0.0;0.0;0.435;-3.945924;GoRight;0.8050519999999999
1.211622;-3.950009;0;0;0.0;0.0;0.435;-3.945924;GoRight;0.7766219999999999
1.183191;-3.950009;0;0;0.0;0.0;0.435;-3.945924;GoRight;0.748191
1.154761;-3.950009;0;0;0.0;0.0;0.435;-3.945924;GoRight;0.7197609999999999
1.12633;-3.950009;0;0;0.0;0.0;0.435;-3.945924;GoRight;0.69133
1.0979;-3.950009;0;0;0.0;0.0;0.435;-3.945924;GoRight;0.6629
1.069469;-3.950009;0;0;0.0;0.0;0.435;-3.945924;GoRight;0.634469
1.041039;-3.950009;0;0;0.0;0.0;0.435;-3.945924;GoRight;0.606039
1.012609;-3.950009;0;0;0.0;0.0;0.435;-3.945924;GoRight;0.577609
0.9841781;-3.950009;0;0;0.0;0.0;0.435;-3.945924;GoRight;0.5491781
0.9557477;-3.950009;0;0;0.0;0.0;0.435;-3.945924;GoRight;0.5207477
0.984178;-3.950009;0;0;0.0;0.0;0.435;-3.945924;GoRight;0.5491779999999999
1.012608;-3.950009;0;0;0.0;0.0;0.435;-3.945924;GoRight;0.5776079999999999
1.041039;-3.950009;0;0;0.0;0.0;0.435;-3.945924;GoRight;0.606039
1.069469;-3.950009;0;0;0.0;0.0;0.435;-3.945924;GoRight;0.634469
1.097899;-3.950009;0;0;0.0;0.0;0.435;-3.945924;GoRight;0.6628989999999999
1.12633;-3.950009;0;0;0.0;0.0;0.435;-3.945924;GoRight;0.69133
1.15476;-3.950009;0;0;0.0;0.0;0.435;-3.945924;GoRight;0.71976
1.18319;-3.950009;0;0;0.0;0.0;0.435;-3.945924;GoRight;0.7481899999999999
1.211621;-3.950009;0;0;0.0;0.0;0.435;-3.945924;GoRight;0.776621
1.240051;-3.950009;0;0;0.0;0.0;0.435;-3.945924;GoRight;0.805051
1.268481;-3.950009;0;0;0.0;0.0;0.435;-3.945924;GoRight;0.8334809999999999
1.296912;-3.950009;0;0;0.0;0.0;0.435;-3.945924;GoRight;0.861912
1.325342;-3.950009;0;0;0.0;0.0;0.435;-3.945924;GoRight;0.890342
1.353773;-3.950009;0;0;0.0;0.0;0.435;-3.945924;GoRight;0.9187729999999998
1.382203;-3.950009;0;0;0.0;0.0;0.435;-3.945924;GoRight;0.947203
1.410633;-3.950009;0;0;0.0;0.0;0.435;-3.945924;GoRight;0.975633
1.439064;-3.950009;0;0;0.0;0.0;0.435;-3.945924;GoRight;1.0040639999999998
1.467494;-3.950009;0;0;0.0;0.0;0.435;-3.945924;GoRight;1.032494
1.495924;-3.950009;0;0;0.0;0.0;0.435;-3.945924;GoRight;1.060924
1.467494;-3.950009;0;0;0.0;0.0;0.435;-3.945924;GoRight;1.032494
1.439063;-3.950009;0;0;0.0;0.0;0.435;-3.945924;GoRight;1.004063
1.410633;-3.950009;0;0;0.0;0.0;0.435;-3.945924;GoRight;0.975633
1.382202;-3.950009;0;0;0.0;0.0;0.435;-3.945924;GoRight;0.9472019999999999
1.353772;-3.950009;0;0;0.0;0.0;0.435;-3.945924;GoRight;0.9187719999999999
1.325341;-3.950009;0;0;0.0;0.0;0.435;-3.945924;GoRight;0.890341
1.296911;-3.950009;0;0;0.0;0.0;0.435;-3.945924;GoRight;0.8619109999999999
1.268481;-3.950009;0;0;0.0;0.0;0.435;-3.945924;GoRight;0.8334809999999999
1.24005;-3.950009;0;0;0.0;0.0;0.435;-3.945924;GoRight;0.80505
1.24005;-3.950009;0;0;0.0;1.0;0.435;-3.945924;GoRight;0.80505
1.24005;-3.950009;0;0;0.0;0.0;0.435;-3.945924;GoRight;0.80505
1.24005;-3.950009;1;0;0.0;0.0;0.435;-3.945924;GoRight;0.80505
1.24005;-3.950009;0;0;0.0;0.0;0.435;-3.945924;GoRight;0.80505
1.26848;-3.950009;0;0;0.0;0.0;0.435;-3.945924;GoRight;0.83348
1.296911;-3.950009;0;0;0.0;0.0;0.435;-3.945924;GoRight;0.8619109999999999
1.325341;-3.950009;0;0;0.0;0.0;0.435;-3.945924;GoRight;0.890341
1.353771;-3.950009;0;0;0.0;0.0;0.435;-3.945924;GoRight;0.918771
1.382202;-3.950009;0;0;0.0;0.0;0.435;-3.945924;GoRight;0.9472019999999999
1.410632;-3.950009;0;0;0.0;0.0;0.435;-3.945924;GoRight;0.975632
1.439062;-3.950009;0;0;0.0;0.0;0.435;-3.945924;GoRight;1.004062
1.467493;-3.950009;0;0;0.0;0.0;0.435;-3.945924;GoRight;1.0324929999999999
1.495923;-3.950009;0;0;0.0;0.0;0.435;-3.945924;GoRight;1.0609229999999998
1.524354;-3.950009;0;0;0.0;0.0;0.435;-3.945924;GoRight;1.089354
1.552784;-3.950009;0;0;0.0;0.0;0.435;-3.945924;GoRight;1.1177839999999999
1.581214;-3.950009;0;0;0.0;0.0;0.435;-3.945924;GoRight;1.1462139999999998
1.609645;-3.950009;0;0;0.0;0.0;0.435;-3.945924;GoRight;1.174645
1.638075;-3.950009;0;0;0.0;0.0;0.435;-3.945924;GoRight;1.203075
1.666505;-3.950009;0;0;0.0;0.0;0.435;-3.945924;GoRight;1.2315049999999998
1.694936;-3.950009;0;0;0.0;0.0;0.435;-3.945924;GoRight;1.259936
1.723366;-3.950009;0;0;0.0;0.0;0.435;-3.945924;GoRight;1.288366
1.751796;-3.950009;0;0;0.0;0.0;0.435;-3.945924;GoRight;1.3167959999999999
1.780227;-3.950009;0;0;0.0;0.0;0.435;-3.945924;GoRight;1.345227
1.808657;-3.950009;0;0;0.0;0.0;0.435;-3.945924;GoRight;1.373657
1.837087;-3.950009;0;0;0.0;0.0;0.435;-3.945924;GoRight;1.4020869999999999
1.865518;-3.950009;0;0;0.0;0.0;0.435;-3.945924;GoRight;1.430518
1.893948;-3.950009;0;0;0.0;0.0;0.435;-3.945924;GoRight;1.458948
1.922378;-3.950009;0;0;0.0;0.0;0.435;-3.945924;GoRight;1.4873779999999999
1.950809;-3.950009;0;0;0.0;0.0;0.435;-3.945924;GoRight;1.515809
1.979239;-3.950009;0;0;0.0;0.0;0.435;-3.945924;GoRight;1.544239
2.007669;-3.950009;0;0;0.0;0.0;0.435;-3.945924;GoRight;1.5726689999999999
2.0361;-3.950009;0;0;0.0;0.0;0.435;-3.945924;GoRight;1.6010999999999997
2.06453;-3.950009;0;0;0.0;0.0;0.435;-3.945924;GoRight;1.62953
2.0361;-3.950009;0;0;0.0;0.0;0.435;-3.945924;GoRight;1.6010999999999997
2.007669;-3.950009;0;0;0.0;0.0;0.435;-3.945924;GoRight;1.5726689999999999
1.979239;-3.950009;0;0;0.0;0.0;0.435;-3.945924;GoRight;1.544239
1.950808;-3.950009;0;0;0.0;0.0;0.435;-3.945924;GoRight;1.515808
1.922378;-3.950009;0;0;0.0;0.0;0.435;-3.945924;GoRight;1.4873779999999999
1.893947;-3.950009;0;0;0.0;0.0;0.435;-3.945924;GoRight;1.458947
1.865517;-3.950009;0;0;0.0;0.0;0.435;-3.945924;GoRight;1.430517
1.837086;-3.950009;0;0;0.0;0.0;0.435;-3.945924;GoRight;1.402086
1.808656;-3.950009;0;0;0.0;0.0;0.435;-3.945924;GoRight;1.373656
1.780226;-3.950009;0;0;0.0;0.0;0.435;-3.945924;GoRight;1.345226
1.751795;-3.950009;0;0;0.0;0.0;0.435;-3.945924;GoRight;1.316795
1.723365;-3.950009;0;0;0.0;0.0;0.435;-3.945924;GoRight;1.288365
1.694934;-3.950009;0;0;0.0;0.0;0.435;-3.945924;GoRight;1.2599339999999999
1.666504;-3.950009;0;0;0.0;0.0;0.435;-3.945924;GoRight;1.231504
1.638073;-3.950009;0;0;0.0;0.0;0.435;-3.945924;GoRight;1.2030729999999998
1.609643;-3.950009;0;0;0.0;0.0;0.435;-3.945924;GoRight;1.1746429999999999
1.581212;-3.950009;0;0;0.0;0.0;0.435;-3.945924;GoRight;1.146212
1.552782;-3.950009;0;0;0.0;0.0;0.435;-3.945924;GoRight;1.117782
1.524351;-3.950009;0;0;0.0;0.0;0.435;-3.945924;GoRight;1.089351
1.443769;-3.950009;0;0;0.0;0.0;0.435;-3.945924;GoRight;1.008769
1.29673;-3.950009;0;0;0.0;0.0;0.435;-3.945924;GoRight;0.8617299999999999
1.192426;-3.950009;0;0;0.0;0.0;0.435;-3.945924;GoRight;0.7574259999999999
1.111844;-3.950009;0;0;0.0;0.0;0.435;-3.945924;GoRight;0.676844
1.083413;-3.950009;0;0;0.0;0.0;0.435;-3.945924;GoRight;0.6484129999999999
1.054983;-3.950009;0;0;0.0;0.0;0.435;-3.945924;GoRight;0.619983
1.026552;-3.950009;0;0;0.0;0.0;0.435;-3.945924;GoRight;0.5915519999999999
0.9981217;-3.950009;0;0;0.0;0.0;0.435;-3.945924;GoRight;0.5631217
0.9696913;-3.950009;0;0;0.0;0.0;0.435;-3.945924;GoRight;0.5346913
0.9412609;-3.950009;0;0;0.0;0.0;0.435;-3.945924;GoRight;0.5062609
0.9128305;-3.950009;0;0;0.0;0.0;0.435;-3.945924;Shoot;0.4778305
0.8844001;-3.950009;0;0;0.0;0.0;0.435;-3.945924;Shoot;0.4494001
0.8559697;-3.950009;0;0;0.0;0.0;0.435;-3.945924;Shoot;0.42096969999999995
0.8844001;-3.950009;0;0;0.0;0.0;0.435;-3.945924;Shoot;0.4494001
0.9128305;-3.950009;0;0;0.0;0.0;0.435;-3.945924;Shoot;0.4778305
0.9412609;-3.950009;0;0;0.0;0.0;0.435;-3.945924;GoRight;0.5062609
0.9696913;-3.950009;0;0;0.0;0.0;0.435;-3.945924;GoRight;0.5346913
0.9981217;-3.950009;0;0;0.0;0.0;0.435;-3.945924;GoRight;0.5631217
1.026552;-3.950009;0;0;0.0;0.0;0.435;-3.945924;GoRight;0.5915519999999999
1.054982;-3.950009;0;0;0.0;0.0;0.435;-3.945924;GoRight;0.619982
1.083413;-3.950009;0;0;0.0;0.0;0.435;-3.945924;GoRight;0.6484129999999999
1.111843;-3.950009;0;0;0.0;0.0;0.435;-3.945924;GoRight;0.6768429999999999
1.140273;-3.950009;0;0;0.0;0.0;0.435;-3.945924;GoRight;0.705273
1.168704;-3.950009;0;0;0.0;0.0;0.435;-3.945924;GoRight;0.7337039999999999
1.197134;-3.950009;0;0;0.0;0.0;0.435;-3.945924;GoRight;0.7621339999999999
1.225564;-3.950009;0;0;0.0;0.0;0.435;-3.945924;GoRight;0.790564
1.253995;-3.950009;0;0;0.0;0.0;0.435;-3.945924;GoRight;0.8189949999999999
1.282425;-3.950009;0;0;0.0;0.0;0.435;-3.945924;GoRight;0.8474249999999999
1.310856;-3.950009;0;0;0.0;0.0;0.435;-3.945924;GoRight;0.875856
1.339286;-3.950009;0;0;0.0;0.0;0.435;-3.945924;GoRight;0.9042859999999999
1.367716;-3.950009;0;0;0.0;0.0;0.435;-3.945924;GoRight;0.9327159999999999
1.396147;-3.950009;0;0;0.0;0.0;0.435;-3.945924;GoRight;0.961147
1.424577;-3.950009;0;0;0.0;0.0;0.435;-3.945924;GoRight;0.9895769999999999
1.453007;-3.950009;0;0;0.0;0.0;0.435;-3.945924;GoRight;1.0180069999999999
1.481438;-3.950009;0;0;0.0;0.0;0.435;-3.945924;GoRight;1.046438
1.509868;-3.950009;0;0;0.0;0.0;0.435;-3.945924;GoRight;1.074868
1.538298;-3.950009;0;0;0.0;0.0;0.435;-3.945924;GoRight;1.103298
1.566729;-3.950009;0;0;0.0;0.0;0.435;-3.945924;GoRight;1.131729
1.595159;-3.950009;0;0;0.0;0.0;0.435;-3.945924;GoRight;1.160159
1.566728;-3.950009;0;0;0.0;0.0;0.435;-3.945924;GoRight;1.1317279999999998
1.538298;-3.950009;0;0;0.0;0.0;0.435;-3.945924;GoRight;1.103298
1.509868;-3.950009;0;0;0.0;0.0;0.435;-3.945924;GoRight;1.074868
1.481437;-3.950009;0;0;0.0;0.0;0.435;-3.945924;GoRight;1.0464369999999998
1.453007;-3.950009;0;0;0.0;0.0;0.435;-3.945924;GoRight;1.0180069999999999
1.424576;-3.950009;0;0;0.0;0.0;0.435;-3.945924;GoRight;0.989576
1.453007;-3.950009;0;0;0.0;0.0;0.435;-3.945924;GoRight;1.0180069999999999
1.481437;-3.950009;0;0;0.0;0.0;0.435;-3.945924;GoRight;1.0464369999999998
1.509867;-3.950009;0;0;0.0;0.0;0.435;-3.945924;GoRight;1.074867
1.565158;-3.950009;0;0;0.0;0.0;0.435;-3.945924;GoRight;1.130158
1.593589;-3.950009;0;0;0.0;0.0;0.435;-3.945924;GoRight;1.1585889999999999
1.622019;-3.950009;0;0;0.0;0.0;0.435;-3.945924;GoRight;1.187019
1.593589;-3.950009;0;0;0.0;0.0;0.435;-3.945924;GoRight;1.1585889999999999
1.565158;-3.950009;0;0;0.0;0.0;0.435;-3.945924;GoRight;1.130158
1.536728;-3.950009;0;0;0.0;0.0;0.435;-3.945924;GoRight;1.101728
1.508297;-3.950009;0;0;0.0;0.0;0.435;-3.945924;GoRight;1.073297
1.479867;-3.950009;0;0;0.0;0.0;0.435;-3.945924;GoRight;1.044867
1.451436;-3.950009;0;0;0.0;0.0;0.435;-3.945924;GoRight;1.016436
1.423006;-3.950009;0;0;0.0;0.0;0.435;-3.945924;GoRight;0.9880059999999999
1.394575;-3.950009;0;0;0.0;0.0;0.435;-3.945924;GoRight;0.9595749999999998
1.366145;-3.950009;0;0;0.0;0.0;0.435;-3.945924;GoRight;0.9311449999999999
1.337714;-3.950009;0;0;0.0;0.0;0.435;-3.945924;GoRight;0.902714
1.309284;-3.950009;0;0;0.0;0.0;0.435;-3.945924;GoRight;0.8742839999999998
1.280854;-3.950009;0;0;0.0;0.0;0.435;-3.945924;GoRight;0.8458539999999999
1.252423;-3.950009;0;0;0.0;0.0;0.435;-3.945924;GoRight;0.817423
1.223993;-3.950009;0;0;0.0;0.0;0.435;-3.945924;GoRight;0.788993
1.195562;-3.950009;0;0;0.0;0.0;0.435;-3.945924;GoRight;0.760562
1.167132;-3.950009;0;0;0.0;0.0;0.435;-3.945924;GoRight;0.732132
1.138701;-3.950009;0;0;0.0;0.0;0.435;-3.945924;GoRight;0.7037009999999999
1.110271;-3.950009;0;0;0.0;0.0;0.435;-3.945924;GoRight;0.675271
1.080271;-3.873933;0;0;0.0;0.0;0.435;-3.945924;GoRight;0.6452709999999999
1.050271;-3.801781;0;0;0.0;0.0;0.435;-3.945924;GoRight;0.6152709999999999
1.050271;-3.733553;0;0;0.0;0.0;0.435;-3.945924;GoRight;0.6152709999999999
1.050271;-3.669249;0;0;0.0;0.0;0.435;-3.945924;GoRight;0.6152709999999999
1.050271;-3.608869;0;0;0.0;0.0;0.435;-3.945924;GoRight;0.6152709999999999
1.050271;-3.552413;0;0;0.0;0.0;0.435;-3.945924;GoRight;0.6152709999999999
1.050271;-3.499881;0;0;0.0;0.0;0.435;-3.945924;GoRight;0.6152709999999999
1.050271;-3.451272;0;0;0.0;0.0;0.435;-3.945924;GoRight;0.6152709999999999
1.020271;-3.406589;0;0;0.0;0.0;0.435;-3.945924;GoRight;0.5852709999999999
0.9902709;-3.365829;0;0;0.0;0.0;0.435;-3.945924;GoRight;0.5552709
0.9602709;-3.328993;0;0;0.0;0.0;0.435;-3.945924;GoRight;0.5252709
0.9302709;-3.296081;0;0;0.0;0.0;0.435;-3.945924;Shoot;0.4952709
0.9002709;-3.267092;0;0;0.0;0.0;0.435;-3.945924;Shoot;0.4652709
0.870271;-3.242028;0;0;0.0;0.0;0.435;-3.945924;Shoot;0.435271
0.840271;-3.220888;0;0;0.0;0.0;0.435;-3.945924;Shoot;0.405271
0.810271;-3.203672;0;0;0.0;0.0;0.435;-3.945924;Shoot;0.37527099999999997
0.7802711;-3.19038;0;0;0.0;0.0;0.435;-3.945924;Shoot;0.3452711
0.7202711;-3.175568;0;0;0.0;0.0;0.435;-3.945924;Shoot;0.28527110000000006
0.6602712;-3.176452;0;0;0.0;0.0;0.435;-3.945924;Shoot;0.22527119999999995
0.6002712;-3.193032;0;0;0.0;0.0;0.435;-3.945924;Shoot;0.1652712
0.5402713;-3.225308;0;0;0.0;0.0;0.435;-3.945924;Shoot;0.10527130000000001
0.4802713;-3.27328;0;0;0.0;0.0;0.435;-3.945924;Shoot;0.045271300000000014
0.3902713;-3.374668;0;0;0.0;0.0;0.435;-3.945924;Shoot;0.04472870000000001
0.3002713;-3.511372;0;0;0.0;0.0;0.435;-3.945924;Shoot;0.13472869999999998
0.1802713;-3.74858;0;0;0.0;0.0;0.435;-3.945924;Shoot;0.25472870000000003
0.09027128;-3.959063;0;0;0.0;0.0;0.435;-3.945924;Shoot;0.34472872
-0.03618497;-3.952979;0;0;0.0;0.0;0.435;-3.945924;Shoot;0.47118497
-0.1626411;-3.950985;0;0;0.0;0.0;0.435;-3.945924;GoLeft;0.5976411
-0.3096797;-3.950269;0;0;0.0;0.0;0.435;-3.945924;GoLeft;0.7446797
-0.3902622;-3.950145;0;0;0.0;0.0;0.435;-3.945924;GoLeft;0.8252622000000001
-0.4455534;-3.950098;0;0;0.0;0.0;0.435;-3.945924;GoLeft;0.8805533999999999
-0.4739838;-3.950081;0;0;0.0;0.0;0.435;-3.945924;GoLeft;0.9089838
-0.5024142;-3.950068;0;0;0.0;0.0;0.435;-3.945924;GoLeft;0.9374142000000001
-0.5308446;-3.950057;0;0;0.0;0.0;0.435;-3.945924;GoLeft;0.9658446
-0.559275;-3.950049;0;0;0.0;0.0;0.435;-3.945924;GoLeft;0.994275
-0.5877054;-3.950042;0;0;0.0;0.0;0.435;-3.945924;GoLeft;1.0227054
-0.6161358;-3.950037;0;0;0.0;0.0;0.435;-3.945924;GoLeft;1.0511358
-0.6445662;-3.950032;0;0;0.0;0.0;0.435;-3.945924;GoLeft;1.0795662
-0.6729966;-3.950029;0;0;0.0;0.0;0.435;-3.945924;GoLeft;1.1079965999999999
-0.6729966;-3.950026;0;0;0.0;0.0;0.435;-3.945924;GoLeft;1.1079965999999999
-0.6729966;-3.950024;0;0;0.0;0.0;0.435;-3.945924;GoLeft;1.1079965999999999
-0.6729966;-3.950022;0;0;0.0;0.0;0.435;-3.945924;GoLeft;1.1079965999999999
-0.6445662;-3.950021;0;0;0.0;0.0;0.435;-3.945924;GoLeft;1.0795662
-0.6161358;-3.95002;0;0;0.0;0.0;0.435;-3.945924;GoLeft;1.0511358
-0.5877054;-3.950019;0;0;0.0;0.0;0.435;-3.945924;GoLeft;1.0227054
-0.559275;-3.950018;0;0;0.0;0.0;0.435;-3.945924;GoLeft;0.994275
-0.5308446;-3.950017;0;0;0.0;0.0;0.435;-3.945924;GoLeft;0.9658446
-0.5024142;-3.950017;0;0;0.0;0.0;0.435;-3.945924;GoLeft;0.9374142000000001
-0.4739838;-3.950016;0;0;0.0;0.0;0.435;-3.945924;GoLeft;0.9089838
-0.4455534;-3.950016;0;0;0.0;0.0;0.435;-3.945924;GoLeft;0.8805533999999999
-0.417123;-3.950016;0;0;0.0;0.0;0.435;-3.945924;GoLeft;0.852123
-0.3886926;-3.950016;0;0;0.0;0.0;0.435;-3.945924;GoLeft;0.8236926
-0.3602622;-3.950015;0;0;0.0;0.0;0.435;-3.945924;GoLeft;0.7952622
-0.3318318;-3.950015;0;0;0.0;0.0;0.435;-3.945924;GoLeft;0.7668318000000001
-0.3034014;-3.950015;0;0;0.0;0.0;0.435;-3.945924;GoLeft;0.7384014
-0.274971;-3.950015;0;0;0.0;0.0;0.435;-3.945924;GoLeft;0.709971
-0.2465406;-3.950015;0;0;0.0;0.0;0.435;-3.945924;GoLeft;0.6815405999999999
-0.2181102;-3.950015;0;0;0.0;0.0;0.435;-3.945924;GoLeft;0.6531102
-0.1896798;-3.950015;0;0;0.0;0.0;0.435;-3.945924;GoLeft;0.6246798
-0.1596798;-3.873939;0;0;0.0;0.0;0.435;-3.945924;GoLeft;0.5946798
-0.1296798;-3.801787;0;0;0.0;0.0;0.435;-3.945924;GoLeft;0.5646798
-0.09967981;-3.733559;0;0;0.0;0.0;0.435;-3.945924;GoLeft;0.53467981
-0.0696798;-3.669255;0;0;0.0;0.0;0.435;-3.945924;GoLeft;0.5046798
-0.0396798;-3.608875;0;0;0.0;0.0;0.435;-3.945924;Shoot;0.4746798
-0.009679802;-3.552419;0;0;0.0;0.0;0.435;-3.945924;Shoot;0.444679802
0.0203202;-3.499887;0;0;0.0;0.0;0.435;-3.945924;Shoot;0.4146798
0.0503202;-3.451279;0;0;0.0;0.0;0.435;-3.945924;Shoot;0.3846798
0.08032019;-3.406595;0;0;0.0;0.0;0.435;-3.945924;Shoot;0.35467981
0.1103202;-3.365835;0;0;0.0;0.0;0.435;-3.945924;Shoot;0.3246798
0.1403202;-3.328999;0;0;0.0;0.0;0.435;-3.945924;Shoot;0.2946798
0.1703202;-3.296087;0;0;0.0;0.0;0.435;-3.945924;Shoot;0.2646798
0.2003202;-3.267099;0;0;0.0;0.0;0.435;-3.945924;Shoot;0.2346798
0.2003202;-3.242035;0;0;0.0;0.0;0.435;-3.945924;Shoot;0.2346798
0.2003202;-3.220895;0;0;0.0;0.0;0.435;-3.945924;Shoot;0.2346798
0.2003202;-3.190387;0;0;0.0;0.0;0.435;-3.945924;Shoot;0.2346798
0.2003202;-3.175575;0;0;0.0;0.0;0.435;-3.945924;Shoot;0.2346798
0.2003202;-3.176459;0;0;0.0;0.0;0.435;-3.945924;Shoot;0.2346798
0.2003202;-3.193038;0;0;0.0;0.0;0.435;-3.945924;Shoot;0.2346798
0.2003202;-3.225314;0;0;0.0;0.0;0.435;-3.945924;Shoot;0.2346798
0.2003202;-3.303158;0;0;0.0;0.0;0.435;-3.945924;Shoot;0.2346798
0.2903202;-3.416318;0;0;0.0;0.0;0.435;-3.945924;Shoot;0.14467980000000003
0.3803202;-3.564794;0;0;0.0;0.0;0.435;-3.945924;Shoot;0.0546798
0.3771339;-3.711794;0;0;0.0;0.0;0.494586;-3.947989;Shoot;0.1174521
0.3600586;-3.946392;0;0;0.0;0.0;0.5179198;-3.947989;Shoot;0.15786120000000003
0.445081;-3.946392;0;0;0.0;0.0;0.5759364;-3.947989;Shoot;0.1308554
0.5583292;-3.498346;0;0;0.0;0.0;0.665661;-3.945913;Shoot;0.10733179999999998
0.5583292;-3.368857;0;0;0.0;0.0;0.6744906;-3.945913;Shoot;0.11616140000000008
0.5583292;-3.312942;0;0;0.0;0.0;0.6744906;-3.945913;Shoot;0.11616140000000008
0.6183292;-3.295285;0;0;0.0;0.0;0.6744906;-3.945913;Shoot;0.05616140000000003
0.6483291;-3.292343;0;0;0.0;0.0;0.6744906;-3.945913;Shoot;0.02616150000000006
0.6783291;-3.293325;0;0;0.0;0.0;0.6744906;-3.945913;Shoot;0.003838499999999967
0.7083291;-3.29823;0;0;0.0;0.0;0.6744906;-3.945913;Shoot;0.033838499999999994
0.7383291;-3.30706;0;0;0.0;0.0;0.6744906;-3.945913;Shoot;0.06383849999999991
0.798329;-3.336491;0;0;0.0;0.0;0.6744906;-3.945913;Shoot;0.1238383999999999
0.8583289;-3.381619;0;0;0.0;0.0;0.6744906;-3.945913;Shoot;0.1838382999999999
0.9483289;-3.47874;0;0;0.0;0.0;0.6744906;-3.945913;Shoot;0.2738383
1.038329;-3.611177;0;0;0.0;0.0;0.6744906;-3.945913;Shoot;0.3638384
1.128329;-3.77893;0;0;0.0;0.0;0.6744906;-3.945913;Shoot;0.45383839999999986
1.218329;-3.966389;0;0;0.0;0.0;0.6744906;-3.945913;GoRight;0.5438383999999999
1.322632;-3.954305;0;0;0.0;0.0;0.6744906;-3.945913;GoRight;0.6481414
1.426936;-3.95177;0;0;0.0;0.0;0.6744906;-3.945913;GoRight;0.7524453999999999
1.553392;-3.950587;0;0;0.0;0.0;0.6744906;-3.945913;GoRight;0.8789014
1.633975;-3.950305;0;0;0.0;0.0;0.6744906;-3.945913;GoRight;0.9594843999999999
1.662405;-3.950246;0;0;0.0;0.0;0.6744906;-3.945913;GoRight;0.9879143999999999
1.690835;-3.950199;0;0;0.0;0.0;0.6744906;-3.945913;GoRight;1.0163444
1.719266;-3.950161;0;0;0.0;0.0;0.6744906;-3.945913;GoRight;1.0447753999999998
1.747696;-3.950131;0;0;0.0;0.0;0.6744906;-3.945913;GoRight;1.0732054
1.776126;-3.950107;0;0;0.0;0.0;0.6744906;-3.945913;GoRight;1.1016354000000002
1.804557;-3.950088;0;0;0.0;0.0;0.6744906;-3.945913;GoRight;1.1300664
1.832987;-3.950072;0;0;0.0;0.0;0.6744906;-3.945913;GoRight;1.1584963999999998
1.861417;-3.95006;0;0;0.0;0.0;0.6744906;-3.945913;GoRight;1.1869264
1.889848;-3.95005;0;0;0.0;0.0;0.6744906;-3.945913;GoRight;1.2153573999999998
1.918278;-3.950042;0;0;0.0;0.0;0.6744906;-3.945913;GoRight;1.2437874
1.946708;-3.950035;0;0;0.0;0.0;0.6744906;-3.945913;GoRight;1.2722174000000002
1.975139;-3.95003;0;0;0.0;0.0;0.6744906;-3.945913;GoRight;1.3006484
2.003569;-3.950026;0;0;0.0;0.0;0.6744906;-3.945913;GoRight;1.3290784000000002
2.032;-3.950023;0;0;0.0;0.0;0.6744906;-3.945913;GoRight;1.3575094
2.06043;-3.95002;0;0;0.0;0.0;0.6744906;-3.945913;GoRight;1.3859394000000003
2.088861;-3.950018;0;0;0.0;0.0;0.6744906;-3.945913;GoRight;1.4143704000000001
2.117291;-3.950016;0;0;0.0;0.0;0.6744906;-3.945913;GoRight;1.4428003999999999
2.145721;-3.950015;0;0;0.0;0.0;0.6744906;-3.945913;GoRight;1.4712304
2.174152;-3.950014;0;0;0.0;0.0;0.6744906;-3.945913;GoRight;1.4996614
2.202582;-3.950013;0;0;0.0;0.0;0.6744906;-3.945913;GoRight;1.5280914
2.231013;-3.950012;0;0;0.0;0.0;0.6744906;-3.945913;GoRight;1.5565224
2.231013;-3.950011;0;0;0.0;0.0;0.6744906;-3.945913;GoRight;1.5565224
2.202582;-3.95001;0;0;0.0;0.0;0.6744906;-3.945913;GoRight;1.5280914
2.174152;-3.95001;0;0;0.0;0.0;0.6744906;-3.945913;GoRight;1.4996614
2.145721;-3.95001;0;0;0.0;0.0;0.6744906;-3.945913;GoRight;1.4712304
2.117291;-3.95001;0;0;0.0;0.0;0.6744906;-3.945913;GoRight;1.4428003999999999
2.088861;-3.95001;0;0;0.0;0.0;0.6744906;-3.945913;GoRight;1.4143704000000001
2.06043;-3.95001;0;0;0.0;0.0;0.6744906;-3.945913;GoRight;1.3859394000000003
2.032;-3.95001;0;0;0.0;0.0;0.6744906;-3.945913;GoRight;1.3575094
2.003569;-3.95001;0;0;0.0;0.0;0.6744906;-3.945913;GoRight;1.3290784000000002
1.975139;-3.95001;0;0;0.0;0.0;0.6744906;-3.945913;GoRight;1.3006484
1.946708;-3.95001;0;0;0.0;0.0;0.6744906;-3.945913;GoRight;1.2722174000000002
1.918278;-3.95001;0;0;0.0;0.0;0.6744906;-3.945913;GoRight;1.2437874
1.889847;-3.95001;0;0;0.0;0.0;0.6744906;-3.945913;GoRight;1.2153564000000001
1.861417;-3.95001;0;0;0.0;0.0;0.6744906;-3.945913;GoRight;1.1869264
1.832986;-3.95001;0;0;0.0;0.0;0.6744906;-3.945913;GoRight;1.1584954
1.804556;-3.95001;0;0;0.0;0.0;0.6744906;-3.945913;GoRight;1.1300653999999999
1.776125;-3.95001;0;0;0.0;0.0;0.6744906;-3.945913;GoRight;1.1016344
1.747695;-3.95001;0;0;0.0;0.0;0.6744906;-3.945913;GoRight;1.0732043999999998
1.719265;-3.95001;0;0;0.0;0.0;0.6744906;-3.945913;GoRight;1.0447744
1.690834;-3.95001;0;0;0.0;0.0;0.6744906;-3.945913;GoRight;1.0163433999999998
1.662404;-3.95001;0;0;0.0;0.0;0.6744906;-3.945913;GoRight;0.9879133999999999
1.633973;-3.95001;0;0;0.0;0.0;0.6744906;-3.945913;GoRight;0.9594823999999998
1.605543;-3.95001;0;0;0.0;0.0;0.6744906;-3.945913;GoRight;0.9310523999999999
1.577112;-3.95001;0;0;0.0;0.0;0.6744906;-3.945913;GoRight;0.9026214
1.548682;-3.95001;0;0;0.0;0.0;0.6744906;-3.945913;GoRight;0.8741913999999998
1.520251;-3.95001;0;0;0.0;0.0;0.6744906;-3.945913;GoRight;0.8457604
1.491821;-3.95001;0;0;0.0;0.0;0.6744906;-3.945913;GoRight;0.8173304
1.46339;-3.95001;0;0;0.0;0.0;0.6744906;-3.945913;GoRight;0.7888993999999999
1.43339;-3.873934;0;0;0.0;0.0;0.6744906;-3.945913;GoRight;0.7588993999999999
1.40339;-3.801782;0;0;0.0;0.0;0.6744906;-3.945913;GoRight;0.7288993999999999
1.37339;-3.733554;0;0;0.0;0.0;0.6744906;-3.945913;GoRight;0.6988994000000001
1.34339;-3.66925;0;0;0.0;0.0;0.6744906;-3.945913;GoRight;0.6688994
1.31339;-3.60887;0;0;0.0;0.0;0.6744906;-3.945913;GoRight;0.6388994
1.283391;-3.552413;0;0;0.0;0.0;0.6744906;-3.945913;GoRight;0.6089003999999999
1.253391;-3.499882;0;0;0.0;0.0;0.6744906;-3.945913;GoRight;0.5789003999999999
1.223391;-3.451273;0;0;0.0;0.0;0.6744906;-3.945913;GoRight;0.5489003999999998
1.193391;-3.40659;0;0;0.0;0.0;0.6744906;-3.945913;GoRight;0.5189004
1.163391;-3.365829;0;0;0.0;0.0;0.6744906;-3.945913;Shoot;0.4889004
1.133391;-3.328994;0;0;0.0;0.0;0.6744906;-3.945913;Shoot;0.4589004
1.103391;-3.296082;0;0;0.0;0.0;0.6744906;-3.945913;Shoot;0.42890039999999996
1.073391;-3.267093;0;0;0.0;0.0;0.6744906;-3.945913;Shoot;0.39890039999999993
1.043391;-3.242029;0;0;0.0;0.0;0.6744906;-3.945913;Shoot;0.3689003999999999
1.013391;-3.220889;0;0;0.0;0.0;0.6744906;-3.945913;Shoot;0.3389003999999999
0.9833908;-3.203673;0;0;0.0;0.0;0.6744906;-3.945913;Shoot;0.30890019999999996
0.9833908;-3.181013;0;0;0.0;0.0;0.6744906;-3.945913;Shoot;0.30890019999999996
0.9833908;-3.174049;0;0;0.0;0.0;0.6744906;-3.945913;Shoot;0.30890019999999996
0.9833908;-3.182781;0;0;0.0;0.0;0.6744906;-3.945913;Shoot;0.30890019999999996
0.9833908;-3.207209;0;0;0.0;0.0;0.6744906;-3.945913;Shoot;0.30890019999999996
0.9833908;-3.247333;0;0;0.0;0.0;0.6744906;-3.945913;Shoot;0.30890019999999996
0.9833908;-3.336949;0;0;0.0;0.0;0.6744906;-3.945913;Shoot;0.30890019999999996
0.9833908;-3.461881;0;0;0.0;0.0;0.6744906;-3.945913;Shoot;0.30890019999999996
1.073391;-3.622129;0;0;0.0;0.0;0.6744906;-3.945913;Shoot;0.39890039999999993
1.193391;-3.890729;0;0;0.0;0.0;0.6744906;-3.945913;GoRight;0.5189004
1.193391;-3.955804;0;0;0.0;0.0;0.6744906;-3.945913;GoRight;0.5189004
1.193391;-3.952384;0;0;0.0;0.0;0.6744906;-3.945913;GoRight;0.5189004
1.193391;-3.950789;0;0;0.0;0.0;0.6744906;-3.945913;GoRight;0.5189004
1.193391;-3.950409;0;0;0.0;0.0;0.6744906;-3.945913;GoRight;0.5189004
1.193391;-3.95033;0;0;0.0;0.0;0.6744906;-3.945913;GoRight;0.5189004
1.193391;-3.950266;0;0;0.0;0.0;0.6744906;-3.945913;GoRight;0.5189004
1.193391;-3.950215;0;0;0.0;0.0;0.6744906;-3.945913;GoRight;0.5189004
1.193391;-3.950174;0;0;0.0;0.0;0.6744906;-3.945913;GoRight;0.5189004
1.193391;-3.950142;0;0;0.0;0.0;0.6744906;-3.945913;GoRight;0.5189004
1.193391;-3.950116;0;0;0.0;0.0;0.6744906;-3.945913;GoRight;0.5189004
1.193391;-3.950095;0;0;0.0;0.0;0.6744906;-3.945913;GoRight;0.5189004
1.193391;-3.950078;0;0;0.0;0.0;0.6744906;-3.945913;GoRight;0.5189004
1.193391;-3.950065;0;0;0.0;0.0;0.6744906;-3.945913;GoRight;0.5189004
